# Time (s),X (m),Y (m),Z (m),E0,E1,E2,E3,W1 (rad/s),W2 (rad/s),W3 (rad/s)
0.000000,0.000000,0.000000,0.000000,0.000000,0.000000,0.000000,-0.706434,0.030844,0.030844,-0.706434,0.000000,0.000000,0.000000
0.000965,0.000000,0.000000,0.000000,0.000000,0.000000,0.000000,-0.706434,0.030844,0.030844,-0.706434,0.000000,0.000000,0.000000
0.001426,-0.000000,-0.000000,0.000000,-0.000085,-0.000000,0.000975,-0.706434,0.030844,0.030844,-0.706434,0.000000,0.000000,0.000000
0.001886,-0.000000,-0.000000,0.000002,-0.000325,-0.000000,0.003717,-0.706434,0.030844,0.030844,-0.706434,0.000000,0.000000,0.000000
0.002700,-0.000001,-0.000000,0.000008,-0.000991,-0.000000,0.011326,-0.706434,0.030844,0.030844,-0.706434,0.000000,0.000000,0.000000
0.003515,-0.000002,-0.000000,0.000023,-0.002140,-0.000000,0.024457,-0.706434,0.030844,0.030844,-0.706434,0.000000,0.000000,0.000000
0.004329,-0.000004,-0.000000,0.000050,-0.003772,-0.000000,0.043111,-0.706434,0.030844,0.030844,-0.706434,0.000000,0.000000,0.000000
0.012471,-0.000175,-0.000000,0.002004,-0.046665,-0.000000,0.533382,-0.706434,0.030844,0.030844,-0.706434,0.000000,0.000000,0.000000
0.020614,-0.000894,-0.000000,0.010217,-0.137873,-0.000000,1.575893,-0.706434,0.030844,0.030844,-0.706434,0.000000,0.000000,0.000000
0.022243,-0.001138,-0.000000,0.013007,-0.161912,-0.000000,1.850664,-0.706434,0.030844,0.030844,-0.706434,0.000000,0.000000,0.000000
0.023871,-0.001423,-0.000000,0.016262,-0.187884,-0.000000,2.147524,-0.706434,0.030844,0.030844,-0.706434,0.000000,0.000000,0.000000
0.025500,-0.001751,-0.000000,0.020019,-0.215788,-0.000000,2.466473,-0.706434,0.030844,0.030844,-0.706434,0.000000,0.000000,0.000000
0.026151,-0.001896,-0.000000,0.021670,-0.227472,-0.000000,2.600012,-0.706434,0.030844,0.030844,-0.706434,0.000000,0.000000,0.000000
0.026802,-0.002048,-0.000000,0.023407,-0.239359,-0.000000,2.735886,-0.706434,0.030844,0.030844,-0.706434,0.000000,0.000000,0.000000
0.027454,-0.002208,-0.000000,0.025234,-0.251385,-0.000000,2.873346,-0.706434,0.030844,0.030844,-0.706434,0.000000,0.000000,0.000000
0.028757,-0.002551,-0.000000,0.029160,-0.275854,-0.000000,3.153026,-0.706434,0.030844,0.030844,-0.706434,0.000000,0.000000,0.000000
0.030059,-0.002927,-0.000000,0.033454,-0.300870,-0.000000,3.438957,-0.706434,0.030844,0.030844,-0.706434,0.000000,0.000000,0.000000
0.031362,-0.003335,-0.000000,0.038123,-0.326253,-0.000000,3.729085,-0.706434,0.030844,0.030844,-0.706434,0.000000,0.000000,0.000000
0.032940,-0.003875,-0.000000,0.044286,-0.357250,-0.000000,4.083388,-0.706434,0.030844,0.030844,-0.706434,0.000000,0.000000,0.000000
0.034517,-0.004463,-0.000000,0.051010,-0.388534,-0.000000,4.440966,-0.706434,0.030844,0.030844,-0.706434,0.000000,0.000000,0.000000
0.036095,-0.005100,-0.000000,0.058299,-0.419960,-0.000000,4.800165,-0.706434,0.030844,0.030844,-0.706434,0.000000,0.000000,0.000000
0.037622,-0.005788,-0.000000,0.066157,-0.450252,-0.000000,5.146409,-0.706434,0.030844,0.030844,-0.706434,0.000000,0.000000,0.000000
0.039149,-0.006522,-0.000000,0.074541,-0.480423,-0.000000,5.491257,-0.706434,0.030844,0.030844,-0.706434,0.000000,0.000000,0.000000
0.042202,-0.008080,-0.000000,0.092359,-0.540519,-0.000000,6.178162,-0.706434,0.030844,0.030844,-0.706434,0.000000,0.000000,0.000000
0.045256,-0.009822,-0.000000,0.112266,-0.600127,-0.000000,6.859484,-0.706434,0.030844,0.030844,-0.706434,0.000000,0.000000,0.000000
0.048310,-0.011745,-0.000000,0.134245,-0.659292,-0.000000,7.535747,-0.706434,0.030844,0.030844,-0.706434,0.000000,0.000000,0.000000
0.054061,-0.015855,-0.000000,0.181221,-0.769864,-0.000000,8.799585,-0.706434,0.030844,0.030844,-0.706434,0.000000,0.000000,0.000000
0.059813,-0.020598,-0.000000,0.235434,-0.879460,-0.000000,10.052272,-0.706434,0.030844,0.030844,-0.706434,0.000000,0.000000,0.000000
0.065564,-0.025969,-0.000000,0.296830,-0.988401,-0.000000,11.297480,-0.706434,0.030844,0.030844,-0.706434,0.000000,0.000000,0.000000
0.071316,-0.031968,-0.000000,0.365391,-1.097409,-0.000000,12.543445,-0.706434,0.030844,0.030844,-0.706434,0.000000,0.000000,0.000000
0.077067,-0.038594,-0.000000,0.441132,-1.206883,-0.000000,13.794731,-0.706434,0.030844,0.030844,-0.706434,0.000000,0.000000,0.000000
0.082819,-0.045852,-0.000000,0.524086,-1.316821,-0.000000,15.051336,-0.706434,0.030844,0.030844,-0.706434,0.000000,0.000000,0.000000
0.089297,-0.054785,-0.000000,0.626200,-1.441212,-0.000000,16.473130,-0.706434,0.030844,0.030844,-0.706434,0.000000,0.000000,0.000000
0.095776,-0.064527,-0.000000,0.737547,-1.566193,-0.000000,17.901666,-0.706434,0.030844,0.030844,-0.706434,0.000000,0.000000,0.000000
0.102254,-0.075080,-0.000000,0.858167,-1.691687,-0.000000,19.336065,-0.706434,0.030844,0.030844,-0.706434,0.000000,0.000000,0.000000
0.112566,-0.093557,-0.000000,1.069357,-1.891971,-0.000000,21.625322,-0.706434,0.030844,0.030844,-0.706434,0.000000,0.000000,0.000000
0.116696,-0.101537,-0.000000,1.160570,-1.972297,-0.000000,22.543460,-0.706434,0.030844,0.030844,-0.706434,0.000000,0.000000,0.000000
0.119195,-0.106589,0.000000,1.218308,-2.021146,0.000019,23.099549,-0.706434,0.030844,0.030844,-0.706434,-0.000738,-0.000007,0.000000
0.121695,-0.111763,0.000000,1.277437,-2.069983,0.000039,23.655894,-0.706434,0.030846,0.030846,-0.706434,-0.001490,-0.000015,0.000000
0.126694,-0.122355,0.000000,1.398477,-2.167633,0.000080,24.769091,-0.706434,0.030849,0.030850,-0.706434,-0.003020,-0.000030,0.000000
0.131693,-0.133435,0.000001,1.525084,-2.265243,0.000121,25.883307,-0.706433,0.030856,0.030856,-0.706433,-0.004606,-0.000046,0.000000
0.136692,-0.145003,0.000002,1.657264,-2.362819,0.000164,26.998538,-0.706433,0.030866,0.030866,-0.706433,-0.006247,-0.000063,0.000000
0.174915,-0.249578,0.000015,2.852640,-3.108809,0.000521,35.559003,-0.706425,0.031041,0.031045,-0.706425,-0.020640,-0.000207,-0.000000
0.213138,-0.382707,0.000041,4.376230,-3.857546,0.000892,44.169984,-0.706407,0.031432,0.031444,-0.706408,-0.038304,-0.000383,-0.000000
0.251362,-0.544570,0.000082,6.229485,-4.612869,0.001216,52.803889,-0.706378,0.032079,0.032104,-0.706379,-0.059128,-0.000590,-0.000000
0.280874,-0.689410,0.000121,7.886213,-5.203941,0.001386,59.469840,-0.706345,0.032781,0.032820,-0.706346,-0.077218,-0.000769,-0.000000
0.310386,-0.851853,0.000163,9.739677,-5.806532,0.001441,66.137076,-0.706302,0.033678,0.033735,-0.706304,-0.096866,-0.000963,-0.000000
0.339898,-1.032306,0.000204,11.789914,-6.425152,0.001336,72.804650,-0.706247,0.034785,0.034864,-0.706250,-0.117837,-0.001170,0.000000
0.369411,-1.231313,0.000239,14.036920,-7.064763,0.001021,79.471743,-0.706179,0.036113,0.036219,-0.706184,-0.139824,-0.001385,-0.000000
0.413229,-1.562539,0.000265,17.736066,-8.064408,0.000051,89.365374,-0.706050,0.038512,0.038666,-0.706056,-0.173516,-0.001715,-0.000000
0.457048,-1.939152,0.000233,21.868359,-9.139383,-0.001684,99.238451,-0.705881,0.041427,0.041639,-0.705891,-0.207018,-0.002040,-0.000000
0.500867,-2.364854,0.000104,26.432552,-10.307811,-0.004372,109.075869,-0.705669,0.044841,0.045120,-0.705681,-0.238338,-0.002342,-0.000000
0.544685,-2.844156,-0.000167,31.426977,-11.589163,-0.008204,118.876303,-0.705408,0.048701,0.049057,-0.705423,-0.265110,-0.002596,-0.000000
0.588504,-3.382404,-0.000635,36.849942,-13.001053,-0.013353,128.634243,-0.705098,0.052918,0.053358,-0.705117,-0.284682,-0.002778,-0.000000
0.623578,-3.859749,-0.001191,41.498011,-14.234375,-0.018517,136.405199,-0.704817,0.056463,0.056973,-0.704840,-0.293293,-0.002852,-0.000000
0.658652,-4.382015,-0.001945,46.417771,-15.562842,-0.024651,144.123325,-0.704514,0.060066,0.060646,-0.704539,-0.294146,-0.002849,-0.000000
0.693725,-4.952573,-0.002931,51.607221,-16.988332,-0.031776,151.783851,-0.704195,0.063624,0.064274,-0.704223,-0.286052,-0.002757,-0.000000
0.728799,-5.574811,-0.004185,57.064267,-18.509213,-0.039874,159.381558,-0.703874,0.067023,0.067739,-0.703905,-0.268132,-0.002568,-0.000000
0.763873,-6.251972,-0.005739,62.786533,-20.118699,-0.048884,166.904938,-0.703564,0.070139,0.070916,-0.703598,-0.239973,-0.002280,-0.000000
0.781324,-6.610289,-0.006634,65.731650,-20.949915,-0.053679,170.620804,-0.703420,0.071545,0.072349,-0.703454,-0.222181,-0.002099,-0.000000
0.798775,-6.983273,-0.007614,68.741456,-21.799413,-0.058663,174.318553,-0.703285,0.072836,0.073664,-0.703320,-0.201984,-0.001896,-0.000000
0.816226,-7.371225,-0.008682,71.815620,-22.664989,-0.063814,177.996333,-0.703161,0.073997,0.074847,-0.703198,-0.179520,-0.001670,-0.000000
0.833677,-7.774403,-0.009842,74.953768,-23.543870,-0.069108,181.650950,-0.703051,0.075014,0.075883,-0.703089,-0.154982,-0.001425,-0.000000
0.851027,-8.190564,-0.011087,78.136889,-24.428645,-0.074490,185.262072,-0.702957,0.075873,0.076757,-0.702996,-0.128772,-0.001164,-0.000000
0.868378,-8.622153,-0.012427,81.382474,-25.321880,-0.079965,188.851256,-0.702881,0.076568,0.077465,-0.702919,-0.101048,-0.000889,-0.000000
0.885729,-9.069295,-0.013862,84.690147,-26.220929,-0.085507,192.419035,-0.702822,0.077092,0.077998,-0.702861,-0.072155,-0.000603,-0.000000
0.903079,-9.532067,-0.015394,88.059546,-27.123105,-0.091089,195.966520,-0.702784,0.077439,0.078351,-0.702823,-0.042488,-0.000311,-0.000000
0.929237,-10.259352,-0.017887,93.255290,-28.484223,-0.099521,201.284860,-0.702763,0.077622,0.078535,-0.702802,0.002718,0.000133,-0.000000
0.955395,-11.022176,-0.020600,98.589784,-29.839082,-0.107894,206.577044,-0.702789,0.077396,0.078303,-0.702827,0.047021,0.000566,-0.000000
0.981554,-11.820242,-0.023530,104.062381,-31.176943,-0.116102,211.844174,-0.702858,0.076777,0.077670,-0.702896,0.088624,0.000969,-0.000000
1.007712,-12.652961,-0.026672,109.672414,-32.486840,-0.124039,217.084881,-0.702967,0.075800,0.076671,-0.703003,0.125667,0.001325,-0.000000
1.033870,-13.519444,-0.030016,115.419058,-33.756373,-0.131597,222.287281,-0.703107,0.074512,0.075356,-0.703143,0.156329,0.001617,-0.000000
1.060028,-14.418490,-0.033552,121.301165,-34.974811,-0.138683,227.440322,-0.703271,0.072980,0.073793,-0.703305,0.178939,0.001828,-0.000000
1.086186,-15.348677,-0.037267,127.317449,-36.136373,-0.145240,232.546602,-0.703449,0.071284,0.072061,-0.703481,0.192112,0.001944,-0.000000
1.112344,-16.308468,-0.041145,133.466720,-37.237620,-0.151236,237.608777,-0.703630,0.069513,0.070255,-0.703660,0.194874,0.001958,-0.000000
1.138502,-17.296276,-0.045174,139.747898,-38.278506,-0.156669,242.633076,-0.703804,0.067766,0.068472,-0.703832,0.186781,0.001865,-0.000000
1.164660,-18.310547,-0.049337,146.160043,-39.261266,-0.161562,247.622780,-0.703961,0.066141,0.066815,-0.703989,0.168011,0.001668,0.000000
1.178443,-18.855136,-0.051580,149.591168,-39.756973,-0.163936,250.237507,-0.704035,0.065366,0.066024,-0.704062,0.154075,0.001524,0.000000
1.192227,-19.406459,-0.053856,153.058261,-40.238628,-0.166182,252.841933,-0.704101,0.064665,0.065309,-0.704127,0.137611,0.001357,0.000000
1.206010,-19.964331,-0.056161,156.561180,-40.707399,-0.168313,255.435801,-0.704159,0.064048,0.064679,-0.704184,0.118880,0.001168,0.000000
1.219794,-20.528584,-0.058495,160.099777,-41.164646,-0.170342,258.018837,-0.704207,0.063525,0.064147,-0.704232,0.098195,0.000960,0.000000
1.220964,-20.576772,-0.058694,160.401809,-41.202979,-0.170510,258.237605,-0.704211,0.063486,0.064106,-0.704236,0.096360,0.000942,0.000000
1.222134,-20.625005,-0.058894,160.704096,-41.241173,-0.170677,258.455921,-0.704214,0.063447,0.064066,-0.704239,0.094514,0.000923,0.000000
1.223304,-20.673283,-0.059094,161.006639,-41.279159,-0.170843,258.673402,-0.704218,0.063409,0.064028,-0.704243,0.092657,0.000904,0.000000
1.225644,-20.769972,-0.059494,161.612485,-41.354506,-0.171171,259.105824,-0.704225,0.063334,0.063952,-0.704249,0.088911,0.000867,0.000000
1.227984,-20.866835,-0.059895,162.219338,-41.429029,-0.171494,259.534857,-0.704231,0.063263,0.063880,-0.704256,0.085123,0.000829,0.000000
1.230324,-20.963873,-0.060297,162.827192,-41.502736,-0.171812,259.960501,-0.704237,0.063196,0.063810,-0.704262,0.081297,0.000791,0.000000
1.248808,-21.736214,-0.063495,167.662602,-42.057348,-0.174163,263.203198,-0.704276,0.062771,0.063378,-0.704300,0.049945,0.000479,0.000000
1.267292,-22.518375,-0.066734,172.555970,-42.566461,-0.176263,266.233724,-0.704296,0.062554,0.063156,-0.704320,0.017390,0.000157,0.000000
1.285776,-23.309562,-0.070010,177.503388,-43.034711,-0.178158,269.051520,-0.704296,0.062546,0.063149,-0.704320,-0.015203,-0.000164,0.000000
1.304260,-24.109075,-0.073319,182.500999,-43.468318,-0.179900,271.666248,-0.704278,0.062746,0.063353,-0.704302,-0.046627,-0.000472,0.000000
1.310053,-24.361248,-0.074363,184.076924,-43.599099,-0.180427,272.451367,-0.704269,0.062850,0.063458,-0.704293,-0.056041,-0.000564,0.000000
1.315845,-24.614175,-0.075409,185.657366,-43.728681,-0.180953,273.225858,-0.704258,0.062972,0.063583,-0.704282,-0.065184,-0.000653,0.000000
1.321638,-24.867849,-0.076459,187.242263,-43.857173,-0.181478,273.989670,-0.704245,0.063113,0.063727,-0.704269,-0.074013,-0.000739,0.000000
1.338900,-25.628204,-0.079605,191.991253,-44.235286,-0.183051,276.206439,-0.704197,0.063633,0.064257,-0.704222,-0.098185,-0.000973,0.000000
1.341253,-25.732341,-0.080036,192.641458,-44.286582,-0.183269,276.502779,-0.704189,0.063714,0.064340,-0.704215,-0.101197,-0.001002,0.000000
1.343606,-25.836599,-0.080468,193.292360,-44.338066,-0.183488,276.798973,-0.704182,0.063799,0.064426,-0.704207,-0.104136,-0.001030,0.000000
1.345959,-25.940978,-0.080900,193.943959,-44.389744,-0.183710,277.095022,-0.704174,0.063885,0.064515,-0.704199,-0.107000,-0.001057,0.000000
1.350664,-26.150102,-0.081765,195.249246,-44.493705,-0.184160,277.686675,-0.704157,0.064065,0.064698,-0.704183,-0.112500,-0.001110,0.000000
1.355370,-26.359717,-0.082633,196.557315,-44.598514,-0.184618,278.277729,-0.704139,0.064254,0.064891,-0.704165,-0.117682,-0.001159,0.000000
1.360075,-26.569827,-0.083503,197.868164,-44.704213,-0.185087,278.868175,-0.704121,0.064451,0.065092,-0.704147,-0.122536,-0.001206,0.000000
1.364781,-26.780437,-0.084375,199.181790,-44.810843,-0.185565,279.458004,-0.704102,0.064656,0.065301,-0.704128,-0.127050,-0.001248,0.000000
1.390371,-27.934733,-0.089158,206.374098,-45.408508,-0.188350,282.654498,-0.703986,0.065879,0.066548,-0.704013,-0.145284,-0.001418,-0.000000
1.415961,-29.104735,-0.094017,213.647951,-46.039072,-0.191478,285.830952,-0.703858,0.067214,0.067909,-0.703886,-0.152165,-0.001475,-0.000000
1.441551,-30.291313,-0.098961,221.002814,-46.704006,-0.194961,288.985407,-0.703725,0.068559,0.069281,-0.703755,-0.147492,-0.001418,-0.000000
1.445625,-30.481809,-0.099757,222.181168,-46.812992,-0.195548,289.485530,-0.703705,0.068767,0.069493,-0.703734,-0.145716,-0.001399,-0.000000
1.449699,-30.672748,-0.100554,223.361551,-46.922033,-0.196139,289.981172,-0.703684,0.068973,0.069702,-0.703714,-0.143669,-0.001377,-0.000000
1.453773,-30.864129,-0.101355,224.543930,-47.029467,-0.196726,290.464080,-0.703664,0.069175,0.069909,-0.703694,-0.141355,-0.001353,-0.000000
1.457847,-31.055944,-0.102157,225.728247,-47.134784,-0.197305,290.931859,-0.703644,0.069374,0.070111,-0.703674,-0.138782,-0.001326,-0.000000
1.465996,-31.440833,-0.103770,228.102407,-47.339153,-0.198442,291.823273,-0.703605,0.069760,0.070504,-0.703636,-0.132889,-0.001265,-0.000000
1.474144,-31.827353,-0.105391,230.483592,-47.534971,-0.199547,292.655898,-0.703568,0.070127,0.070879,-0.703599,-0.126047,-0.001195,0.000000
1.482292,-32.215432,-0.107021,232.871321,-47.721949,-0.200618,293.429829,-0.703532,0.070474,0.071233,-0.703564,-0.118324,-0.001116,0.000000
1.501813,-33.151146,-0.110962,238.615942,-48.133583,-0.203033,295.052132,-0.703457,0.071208,0.071981,-0.703489,-0.096684,-0.000897,0.000000
1.504078,-33.260199,-0.111422,239.284303,-48.178175,-0.203300,295.220746,-0.703449,0.071284,0.072058,-0.703481,-0.093929,-0.000870,0.000000
1.506342,-33.369352,-0.111882,239.953043,-48.222449,-0.203565,295.387049,-0.703442,0.071357,0.072132,-0.703474,-0.091130,-0.000842,0.000000
1.508607,-33.478606,-0.112344,240.622157,-48.266399,-0.203829,295.551043,-0.703434,0.071427,0.072204,-0.703466,-0.088290,-0.000813,0.000000
1.513136,-33.697410,-0.113268,241.961489,-48.353305,-0.204354,295.872112,-0.703421,0.071562,0.072341,-0.703453,-0.082490,-0.000755,0.000000
1.517665,-33.916604,-0.114195,243.302252,-48.438841,-0.204874,296.183966,-0.703408,0.071688,0.072469,-0.703440,-0.076549,-0.000696,0.000000
1.522194,-34.136183,-0.115124,244.644407,-48.522959,-0.205388,296.486619,-0.703395,0.071804,0.072588,-0.703428,-0.070482,-0.000635,0.000000
1.526723,-34.356139,-0.116055,245.987913,-48.605610,-0.205895,296.780085,-0.703384,0.071910,0.072696,-0.703417,-0.064306,-0.000574,0.000000
1.547536,-35.371530,-0.120364,252.177747,-48.963427,-0.208121,298.002587,-0.703347,0.072272,0.073064,-0.703379,-0.035032,-0.000283,0.000000
1.562811,-36.121253,-0.123554,256.735543,-49.196629,-0.209601,298.747157,-0.703333,0.072401,0.073195,-0.703366,-0.013317,-0.000069,0.000000
1.574981,-36.720978,-0.126112,260.374282,-49.359129,-0.210651,299.228521,-0.703331,0.072421,0.073215,-0.703364,0.003618,0.000097,0.000000
1.587150,-37.322554,-0.128681,264.018288,-49.500629,-0.211580,299.613579,-0.703336,0.072372,0.073164,-0.703369,0.019877,0.000256,0.000000
1.599320,-37.925719,-0.131261,267.666395,-49.620379,-0.212382,299.902398,-0.703349,0.072255,0.073044,-0.703381,0.035160,0.000405,0.000000
1.611490,-38.530213,-0.133850,271.317458,-49.718853,-0.213057,300.100387,-0.703367,0.072076,0.072861,-0.703400,0.049194,0.000541,0.000000
1.623660,-39.135781,-0.136446,274.970422,-49.797341,-0.213609,300.216320,-0.703392,0.071841,0.072621,-0.703424,0.061740,0.000662,0.000000
1.635830,-39.742181,-0.139049,278.624297,-49.855340,-0.214033,300.249834,-0.703422,0.071556,0.072330,-0.703453,0.072595,0.000766,0.000000
1.648000,-40.349166,-0.141655,282.278104,-49.893637,-0.214334,300.206228,-0.703456,0.071229,0.071995,-0.703487,0.081597,0.000851,0.000000
1.648201,-40.359187,-0.141698,282.338403,-49.894118,-0.214338,300.204938,-0.703456,0.071223,0.071990,-0.703487,0.081729,0.000852,0.000000
1.648401,-40.369209,-0.141741,282.398700,-49.894595,-0.214342,300.203636,-0.703457,0.071217,0.071984,-0.703488,0.081861,0.000853,0.000000
1.648602,-40.379231,-0.141784,282.458998,-49.895068,-0.214346,300.202322,-0.703457,0.071211,0.071978,-0.703489,0.081992,0.000854,0.000000
1.648803,-40.389253,-0.141827,282.519296,-49.895538,-0.214350,300.200996,-0.703458,0.071206,0.071972,-0.703489,0.082122,0.000856,0.000000
1.649004,-40.399275,-0.141871,282.579593,-49.896005,-0.214354,300.199658,-0.703459,0.071200,0.071966,-0.703490,0.082252,0.000857,0.000000
1.649406,-40.419319,-0.141957,282.700186,-49.896930,-0.214362,300.196957,-0.703460,0.071188,0.071954,-0.703491,0.082510,0.000859,0.000000
1.649807,-40.439363,-0.142043,282.820779,-49.897842,-0.214369,300.194209,-0.703461,0.071177,0.071943,-0.703492,0.082767,0.000862,0.000000
1.650209,-40.459408,-0.142129,282.941370,-49.898051,-0.214373,300.188069,-0.703462,0.071165,0.071931,-0.703493,0.083021,0.000864,0.000000
1.650653,-40.481564,-0.142224,283.074662,-49.897514,-0.214373,300.177563,-0.703464,0.071152,0.071918,-0.703495,0.083300,0.000867,0.000000
1.651097,-40.503721,-0.142319,283.207949,-49.896971,-0.214373,300.167057,-0.703465,0.071139,0.071905,-0.703496,0.083576,0.000869,0.000000
1.651541,-40.525876,-0.142414,283.341232,-49.896423,-0.214373,300.156554,-0.703466,0.071126,0.071891,-0.703497,0.083849,0.000872,0.000000
1.655982,-40.747422,-0.143366,284.673802,-49.890679,-0.214371,300.051609,-0.703480,0.070995,0.071757,-0.703511,0.086433,0.000896,0.000000
1.660422,-40.968941,-0.144318,286.005906,-49.884437,-0.214363,299.946829,-0.703494,0.070859,0.071619,-0.703524,0.088747,0.000917,0.000000
1.664862,-41.190431,-0.145270,287.337546,-49.877689,-0.214350,299.842217,-0.703508,0.070721,0.071477,-0.703539,0.090788,0.000936,0.000000
1.669303,-41.411890,-0.146222,288.668721,-49.870427,-0.214332,299.737773,-0.703523,0.070579,0.071332,-0.703553,0.092553,0.000952,0.000000
1.677044,-41.797919,-0.147881,290.988503,-49.856518,-0.214288,299.556080,-0.703548,0.070326,0.071074,-0.703579,0.094970,0.000973,0.000000
1.684786,-42.183834,-0.149540,293.306881,-49.841012,-0.214227,299.374902,-0.703575,0.070068,0.070811,-0.703605,0.096548,0.000986,0.000000
1.692528,-42.569623,-0.151198,295.623859,-49.823899,-0.214150,299.194237,-0.703601,0.069807,0.070544,-0.703631,0.097290,0.000991,0.000000
1.727007,-44.285955,-0.158573,305.925952,-49.728715,-0.213617,298.395669,-0.703716,0.068659,0.069373,-0.703745,0.090963,0.000918,0.000000
1.751107,-45.483438,-0.163715,313.110644,-49.644985,-0.213073,297.843018,-0.703787,0.067945,0.068644,-0.703815,0.078105,0.000785,0.000000
1.775207,-46.678763,-0.168843,320.282065,-49.549709,-0.212415,297.294333,-0.703844,0.067362,0.068049,-0.703872,0.059853,0.000601,0.000000
1.799307,-47.871682,-0.173953,327.440305,-49.445894,-0.211673,296.748994,-0.703885,0.066948,0.067627,-0.703912,0.037874,0.000381,0.000000
1.823407,-49.062031,-0.179045,334.585435,-49.337009,-0.210883,296.206322,-0.703906,0.066729,0.067404,-0.703933,0.014000,0.000144,-0.000000
1.847507,-50.249732,-0.184118,341.717512,-49.226670,-0.210081,295.665630,-0.703908,0.066712,0.067386,-0.703934,-0.009930,-0.000092,-0.000000
1.871607,-51.434791,-0.189171,348.836575,-49.118378,-0.209301,295.126263,-0.703890,0.066890,0.067567,-0.703917,-0.032192,-0.000309,-0.000000
1.895707,-52.617296,-0.194206,355.942650,-49.015272,-0.208574,294.587628,-0.703856,0.067243,0.067927,-0.703883,-0.051302,-0.000494,-0.000000
1.927175,-54.157726,-0.200756,365.201611,-48.892676,-0.207747,293.884600,-0.703790,0.067914,0.068611,-0.703818,-0.069607,-0.000669,-0.000000
1.958643,-55.694559,-0.207283,374.438444,-48.787157,-0.207091,293.181154,-0.703709,0.068738,0.069451,-0.703737,-0.078991,-0.000754,-0.000000
1.990111,-57.228362,-0.213792,383.653130,-48.700274,-0.206619,292.476880,-0.703621,0.069614,0.070344,-0.703650,-0.079070,-0.000748,-0.000000
2.021579,-58.759719,-0.220288,392.845640,-48.631279,-0.206324,291.771811,-0.703537,0.070442,0.071188,-0.703567,-0.070601,-0.000658,-0.000000
2.053046,-60.289153,-0.226778,402.015955,-48.577463,-0.206175,291.066394,-0.703466,0.071138,0.071897,-0.703496,-0.055267,-0.000502,-0.000000
2.088479,-62.009518,-0.234082,412.315231,-48.529784,-0.206130,290.272666,-0.703409,0.071686,0.072454,-0.703440,-0.032714,-0.000276,-0.000000
2.123912,-63.728334,-0.241386,422.586413,-48.488797,-0.206144,289.480960,-0.703383,0.071939,0.072712,-0.703414,-0.008237,-0.000034,-0.000000
2.159345,-65.445709,-0.248691,432.829601,-48.447081,-0.206143,288.692819,-0.703387,0.071898,0.072668,-0.703418,0.014441,0.000187,-0.000000
2.192083,-67.031067,-0.255439,442.268992,-48.402266,-0.206073,287.968959,-0.703415,0.071633,0.072397,-0.703445,0.031113,0.000348,0.000000
2.218264,-68.297717,-0.260832,449.800614,-48.359284,-0.205942,287.393665,-0.703449,0.071304,0.072061,-0.703479,0.040235,0.000435,0.000000
2.244444,-69.563143,-0.266221,457.317218,-48.308575,-0.205732,286.821806,-0.703490,0.070911,0.071660,-0.703519,0.045080,0.000478,0.000000
2.270625,-70.827134,-0.271604,464.818896,-48.249644,-0.205437,286.253454,-0.703532,0.070494,0.071234,-0.703562,0.045557,0.000479,0.000000
2.296805,-72.089476,-0.276978,472.305741,-48.182697,-0.205062,285.688532,-0.703573,0.070092,0.070823,-0.703602,0.041922,0.000440,0.000000
2.322986,-73.349969,-0.282341,479.777838,-48.108563,-0.204614,285.126840,-0.703609,0.069740,0.070464,-0.703638,0.034729,0.000366,0.000000
2.354418,-74.860638,-0.288763,488.729498,-48.012004,-0.204000,284.456310,-0.703641,0.069423,0.070140,-0.703669,0.022521,0.000243,0.000000
2.385850,-76.368175,-0.295164,497.660141,-47.910124,-0.203334,283.789358,-0.703658,0.069256,0.069969,-0.703686,0.008005,0.000098,0.000000
2.417283,-77.872467,-0.301545,506.569868,-47.806349,-0.202650,283.125286,-0.703659,0.069252,0.069964,-0.703686,-0.007048,-0.000050,0.000000
2.448715,-79.373513,-0.307904,515.458758,-47.704051,-0.201982,282.463417,-0.703643,0.069408,0.070123,-0.703671,-0.020964,-0.000186,0.000000
2.480147,-80.871409,-0.314243,524.326869,-47.606206,-0.201358,281.803148,-0.703613,0.069703,0.070424,-0.703641,-0.032334,-0.000295,-0.000000
2.511580,-82.366332,-0.320563,533.174245,-47.515105,-0.200801,281.143997,-0.703573,0.070104,0.070832,-0.703601,-0.040136,-0.000369,-0.000000
2.549287,-84.156079,-0.328124,543.760401,-47.416674,-0.200241,280.354304,-0.703516,0.070664,0.071402,-0.703544,-0.044029,-0.000403,-0.000000
2.586993,-85.942349,-0.335665,554.316798,-47.330635,-0.199801,279.565557,-0.703457,0.071235,0.071984,-0.703486,-0.041959,-0.000379,-0.000000
2.624700,-87.725593,-0.343193,564.843473,-47.255791,-0.199470,278.777930,-0.703404,0.071745,0.072503,-0.703434,-0.034793,-0.000305,-0.000000
2.662407,-89.506189,-0.350709,575.340478,-47.189462,-0.199219,277.991915,-0.703364,0.072134,0.072899,-0.703394,-0.024080,-0.000198,-0.000000
2.700114,-91.284391,-0.358217,585.807885,-47.128059,-0.199011,277.208220,-0.703339,0.072370,0.073138,-0.703369,-0.011742,-0.000075,-0.000000
2.737821,-93.060309,-0.365718,596.245797,-47.067706,-0.198810,276.427629,-0.703331,0.072444,0.073212,-0.703361,0.000251,0.000042,-0.000000
2.775527,-94.833914,-0.373210,606.654346,-47.004832,-0.198578,275.650870,-0.703339,0.072372,0.073138,-0.703369,0.010174,0.000139,-0.000000
2.813234,-96.605054,-0.380692,617.033687,-46.936661,-0.198289,274.878498,-0.703358,0.072191,0.072953,-0.703388,0.016767,0.000201,-0.000000
2.850941,-98.373495,-0.388163,627.383993,-46.861521,-0.197927,274.110826,-0.703383,0.071949,0.072705,-0.703413,0.019375,0.000225,0.000000
2.888648,-100.138962,-0.395618,637.705443,-46.778981,-0.197488,273.347903,-0.703410,0.071700,0.072450,-0.703438,0.017978,0.000208,0.000000
2.926355,-101.901186,-0.403055,647.998212,-46.689785,-0.196981,272.589531,-0.703431,0.071493,0.072238,-0.703460,0.013130,0.000159,0.000000
2.964062,-103.659945,-0.410472,658.262465,-46.595622,-0.196424,271.835300,-0.703444,0.071367,0.072109,-0.703473,0.005824,0.000085,0.000000
3.001768,-105.415094,-0.417868,668.498346,-46.498770,-0.195838,271.084541,-0.703446,0.071347,0.072088,-0.703475,-0.002689,0.000001,0.000000
3.039475,-107.166579,-0.425241,678.705974,-46.401728,-0.195250,270.336543,-0.703437,0.071439,0.072181,-0.703465,-0.011111,-0.000082,0.000000
3.077182,-108.914440,-0.432593,688.885440,-46.306863,-0.194684,269.590748,-0.703417,0.071635,0.072380,-0.703445,-0.018284,-0.000151,0.000000
3.121364,-110.957990,-0.441180,700.777174,-46.201011,-0.194073,268.719153,-0.703382,0.071966,0.072716,-0.703411,-0.023944,-0.000205,0.000000
3.155711,-112.543517,-0.447839,709.995284,-46.123817,-0.193647,268.043064,-0.703351,0.072267,0.073023,-0.703380,-0.025851,-0.000222,-0.000000
3.190058,-114.126475,-0.454483,719.190192,-46.051414,-0.193267,267.368183,-0.703318,0.072577,0.073339,-0.703348,-0.025517,-0.000217,-0.000000
3.224405,-115.707026,-0.461115,728.361941,-45.983543,-0.192931,266.694523,-0.703288,0.072871,0.073638,-0.703317,-0.023159,-0.000192,-0.000000
3.258752,-117.285315,-0.467737,737.510573,-45.919497,-0.192631,266.022203,-0.703261,0.073127,0.073897,-0.703290,-0.019206,-0.000152,-0.000000
3.293099,-118.861455,-0.474348,746.636140,-45.858236,-0.192356,265.351422,-0.703239,0.073328,0.074102,-0.703269,-0.014231,-0.000102,-0.000000
3.327446,-120.435523,-0.480950,755.738696,-45.798542,-0.192094,264.682423,-0.703225,0.073467,0.074243,-0.703254,-0.008868,-0.000049,-0.000000
3.361793,-122.007551,-0.487544,764.818309,-45.739168,-0.191833,264.015460,-0.703217,0.073543,0.074318,-0.703246,-0.003739,0.000002,-0.000000
3.396141,-123.577529,-0.494128,773.875051,-45.678973,-0.191561,263.350762,-0.703215,0.073560,0.074336,-0.703244,0.000614,0.000044,-0.000000
3.440798,-125.615637,-0.502674,785.616340,-45.598030,-0.191178,262.490212,-0.703219,0.073518,0.074291,-0.703249,0.004465,0.000081,-0.000000
3.477469,-127.286496,-0.509679,795.229192,-45.528458,-0.190829,261.786822,-0.703227,0.073450,0.074221,-0.703256,0.005767,0.000092,-0.000000
3.514140,-128.954749,-0.516670,804.816305,-45.455845,-0.190449,261.086406,-0.703235,0.073377,0.074146,-0.703264,0.005358,0.000087,-0.000000
3.550811,-130.620285,-0.523646,814.377786,-45.380432,-0.190038,260.388894,-0.703241,0.073320,0.074086,-0.703270,0.003433,0.000067,-0.000000
3.587482,-132.283012,-0.530607,823.913741,-45.302816,-0.189605,259.694141,-0.703244,0.073295,0.074060,-0.703272,0.000348,0.000036,-0.000000
3.624152,-133.942864,-0.537552,833.424266,-45.223843,-0.189157,259.001951,-0.703242,0.073314,0.074079,-0.703270,-0.003438,-0.000001,-0.000000
3.660823,-135.599809,-0.544480,842.909452,-45.144485,-0.188703,258.312103,-0.703234,0.073384,0.074149,-0.703263,-0.007424,-0.000040,-0.000000
3.697494,-137.253851,-0.551392,852.369381,-45.065711,-0.188255,257.624374,-0.703222,0.073504,0.074271,-0.703250,-0.011135,-0.000077,-0.000000
3.734165,-138.905027,-0.558288,861.804125,-44.988383,-0.187820,256.938568,-0.703204,0.073667,0.074436,-0.703233,-0.014167,-0.000106,-0.000000
3.780927,-141.006518,-0.567058,873.798664,-44.892869,-0.187295,256.066593,-0.703177,0.073921,0.074694,-0.703206,-0.016617,-0.000129,-0.000000
3.827689,-143.103635,-0.575805,885.752490,-44.801507,-0.186809,255.197295,-0.703147,0.074201,0.074978,-0.703176,-0.017231,-0.000133,-0.000000
3.865943,-144.816105,-0.582944,895.501318,-44.729918,-0.186440,254.488101,-0.703123,0.074427,0.075208,-0.703152,-0.016407,-0.000124,-0.000000
3.904198,-146.525886,-0.590069,905.223049,-44.660831,-0.186095,253.780710,-0.703101,0.074635,0.075420,-0.703130,-0.014605,-0.000106,-0.000000
3.942452,-148.233065,-0.597182,914.917756,-44.593686,-0.185766,253.075222,-0.703081,0.074815,0.075601,-0.703111,-0.012135,-0.000081,-0.000000
3.980706,-149.937702,-0.604282,924.585513,-44.527793,-0.185448,252.371769,-0.703066,0.074958,0.075747,-0.703095,-0.009355,-0.000053,-0.000000
4.018961,-151.639831,-0.611370,934.226401,-44.462425,-0.185133,251.670490,-0.703054,0.075065,0.075855,-0.703084,-0.006623,-0.000026,-0.000000
4.074625,-154.112139,-0.621663,948.207096,-44.366918,-0.184666,250.654192,-0.703044,0.075160,0.075950,-0.703073,-0.003357,0.000006,-0.000000
4.130289,-156.579084,-0.631928,962.131362,-44.269544,-0.184177,249.643058,-0.703039,0.075205,0.075995,-0.703069,-0.001546,0.000023,-0.000000
4.174377,-158.529140,-0.640039,973.120232,-44.190495,-0.183767,248.845951,-0.703037,0.075226,0.076015,-0.703066,-0.001362,0.000024,-0.000000
4.218466,-160.475673,-0.648132,984.074031,-44.109754,-0.183338,248.052140,-0.703034,0.075253,0.076041,-0.703063,-0.002219,0.000015,-0.000000
4.262555,-162.418615,-0.656206,994.992903,-44.027689,-0.182893,247.261520,-0.703029,0.075299,0.076087,-0.703058,-0.003886,-0.000002,-0.000000
4.306644,-164.357920,-0.664259,1005.876985,-43.944888,-0.182440,246.473939,-0.703021,0.075375,0.076163,-0.703050,-0.006045,-0.000023,-0.000000
4.350733,-166.293570,-0.672293,1016.726407,-43.862051,-0.181985,245.689221,-0.703009,0.075486,0.076275,-0.703038,-0.008339,-0.000045,-0.000000
4.401125,-168.501509,-0.681450,1029.084714,-43.768212,-0.181470,244.795590,-0.702991,0.075654,0.076445,-0.703020,-0.010698,-0.000068,-0.000000
4.451517,-170.704759,-0.690582,1041.398072,-43.676113,-0.180971,243.905242,-0.702969,0.075858,0.076652,-0.702998,-0.012393,-0.000084,-0.000000
4.501909,-172.903423,-0.699690,1053.666643,-43.586337,-0.180493,243.018010,-0.702944,0.076085,0.076882,-0.702973,-0.013185,-0.000091,-0.000000
4.552302,-175.097626,-0.708774,1065.890581,-43.499085,-0.180037,242.133815,-0.702918,0.076318,0.077118,-0.702947,-0.013028,-0.000089,-0.000000
4.602694,-177.287491,-0.717835,1078.070039,-43.414181,-0.179601,241.252656,-0.702894,0.076540,0.077343,-0.702923,-0.012055,-0.000078,-0.000000
4.666209,-180.041628,-0.729226,1093.358143,-43.309755,-0.179074,240.146468,-0.702866,0.076787,0.077593,-0.702896,-0.010081,-0.000058,-0.000000
4.729725,-182.789198,-0.740583,1108.576148,-43.206939,-0.178558,239.045460,-0.702844,0.076986,0.077794,-0.702874,-0.007920,-0.000037,-0.000000
4.780269,-184.971012,-0.749598,1120.636513,-43.125329,-0.178146,238.173166,-0.702831,0.077112,0.077922,-0.702860,-0.006507,-0.000023,-0.000000
4.830814,-187.148691,-0.758592,1132.652878,-43.043340,-0.177726,237.304394,-0.702819,0.077218,0.078029,-0.702848,-0.005612,-0.000014,-0.000000
4.881358,-189.322208,-0.767564,1144.625423,-42.960726,-0.177298,236.439228,-0.702808,0.077314,0.078125,-0.702837,-0.005323,-0.000012,-0.000000
4.931903,-191.491532,-0.776514,1156.554331,-42.877461,-0.176861,235.577724,-0.702797,0.077411,0.078222,-0.702827,-0.005629,-0.000015,-0.000000
4.982447,-193.656633,-0.785442,1168.439786,-42.793691,-0.176415,234.719850,-0.702786,0.077517,0.078329,-0.702815,-0.006430,-0.000023,0.000000
5.032992,-195.817495,-0.794348,1180.281969,-42.709710,-0.175966,233.865494,-0.702772,0.077641,0.078454,-0.702801,-0.007561,-0.000034,-0.000000
5.103261,-198.814586,-0.806691,1196.673976,-42.593358,-0.175340,232.683317,-0.702749,0.077848,0.078663,-0.702778,-0.009293,-0.000051,-0.000000
5.173530,-201.803546,-0.818990,1212.983132,-42.478504,-0.174725,231.507305,-0.702721,0.078095,0.078913,-0.702750,-0.010717,-0.000064,-0.000000
5.243800,-204.784511,-0.831247,1229.209858,-42.366022,-0.174129,230.337182,-0.702690,0.078369,0.079191,-0.702719,-0.011450,-0.000071,-0.000000
5.314069,-207.757668,-0.843462,1245.354562,-42.256248,-0.173555,229.172791,-0.702658,0.078652,0.079476,-0.702687,-0.011380,-0.000069,-0.000000
5.384338,-210.723202,-0.855638,1261.417643,-42.148946,-0.173001,228.014089,-0.702627,0.078923,0.079751,-0.702657,-0.010667,-0.000062,-0.000000
5.454608,-213.681268,-0.867776,1277.399504,-42.043485,-0.172459,226.861121,-0.702599,0.079173,0.080004,-0.702628,-0.009639,-0.000051,-0.000000
5.524877,-216.631967,-0.879876,1293.300551,-41.939103,-0.171924,225.713969,-0.702573,0.079397,0.080230,-0.702603,-0.008658,-0.000041,-0.000000
5.595146,-219.575351,-0.891938,1309.121194,-41.835145,-0.171387,224.572702,-0.702550,0.079600,0.080435,-0.702579,-0.008015,-0.000035,-0.000000
5.665416,-222.511431,-0.903962,1324.861849,-41.731217,-0.170846,223.437331,-0.702528,0.079794,0.080630,-0.702557,-0.007859,-0.000033,0.000000
5.735685,-225.440205,-0.915948,1340.522927,-41.627240,-0.170300,222.307793,-0.702506,0.079990,0.080828,-0.702535,-0.008184,-0.000036,0.000000
5.805954,-228.361675,-0.927896,1356.104835,-41.523422,-0.169751,221.183958,-0.702482,0.080199,0.081039,-0.702511,-0.008859,-0.000043,0.000000
5.876224,-231.275866,-0.939805,1371.607967,-41.420156,-0.169203,220.065655,-0.702455,0.080426,0.081269,-0.702484,-0.009676,-0.000050,0.000000
5.955630,-234.560266,-0.953216,1389.032478,-41.304675,-0.168591,218.808385,-0.702423,0.080707,0.081553,-0.702452,-0.010503,-0.000058,-0.000000
6.035035,-237.835563,-0.966579,1406.357418,-41.190973,-0.167991,217.557720,-0.702388,0.081007,0.081856,-0.702417,-0.011007,-0.000062,0.000000
6.114441,-241.101912,-0.979896,1423.583305,-41.079286,-0.167406,216.313498,-0.702352,0.081315,0.082167,-0.702381,-0.011097,-0.000063,-0.000000
6.193847,-244.359472,-0.993166,1440.710646,-40.969533,-0.166835,215.075629,-0.702316,0.081619,0.082475,-0.702345,-0.010835,-0.000060,-0.000000
6.273252,-247.608385,-1.006391,1457.739944,-40.861381,-0.166274,213.844086,-0.702281,0.081914,0.082773,-0.702311,-0.010387,-0.000055,-0.000000
6.352658,-250.848761,-1.019572,1474.671701,-40.754405,-0.165720,212.618869,-0.702248,0.082195,0.083057,-0.702277,-0.009952,-0.000050,-0.000000
6.432064,-254.080676,-1.032710,1491.506420,-40.648229,-0.165168,211.399969,-0.702216,0.082467,0.083331,-0.702245,-0.009689,-0.000047,-0.000000
6.511470,-257.304184,-1.045803,1508.244601,-40.542632,-0.164617,210.187341,-0.702184,0.082735,0.083602,-0.702213,-0.009678,-0.000047,-0.000000
6.590875,-260.519326,-1.058853,1524.886739,-40.437575,-0.164066,208.980901,-0.702152,0.083006,0.083876,-0.702181,-0.009912,-0.000049,0.000000
6.688399,-264.456710,-1.074820,1545.195503,-40.309459,-0.163391,207.507469,-0.702111,0.083352,0.084225,-0.702140,-0.010424,-0.000053,0.000000
6.785924,-268.381663,-1.090722,1565.361007,-40.182728,-0.162724,206.042926,-0.702067,0.083717,0.084594,-0.702096,-0.010982,-0.000058,0.000000
6.883448,-272.294340,-1.106559,1585.384106,-40.057790,-0.162067,204.587008,-0.702021,0.084098,0.084980,-0.702050,-0.011393,-0.000061,0.000000
6.980972,-276.194929,-1.122333,1605.265630,-39.934876,-0.161423,203.139500,-0.701973,0.084490,0.085376,-0.702002,-0.011556,-0.000062,0.000000
7.078496,-280.083629,-1.138045,1625.006389,-39.813949,-0.160791,201.700225,-0.701925,0.084884,0.085774,-0.701954,-0.011493,-0.000061,-0.000000
7.176020,-283.960624,-1.153696,1644.607179,-39.694751,-0.160171,200.269014,-0.701877,0.085272,0.086166,-0.701906,-0.011322,-0.000059,-0.000000
7.300646,-288.898231,-1.173608,1669.452491,-39.544429,-0.159387,198.451630,-0.701817,0.085760,0.086659,-0.701846,-0.011161,-0.000057,-0.000000
7.402535,-292.921177,-1.189816,1689.597260,-39.422847,-0.158752,196.975317,-0.701768,0.086157,0.087060,-0.701797,-0.011212,-0.000057,-0.000000
7.504424,-296.931789,-1.205959,1709.592038,-39.302361,-0.158120,195.507431,-0.701718,0.086559,0.087466,-0.701747,-0.011439,-0.000058,-0.000000
7.606313,-300.930182,-1.222037,1729.437678,-39.183087,-0.157494,194.047802,-0.701667,0.086971,0.087883,-0.701696,-0.011767,-0.000061,-0.000000
7.708202,-304.916490,-1.238053,1749.135010,-39.065210,-0.156876,192.596230,-0.701613,0.087396,0.088312,-0.701642,-0.012097,-0.000063,-0.000000
7.810091,-308.890866,-1.254005,1768.684845,-38.948874,-0.156266,191.152524,-0.701558,0.087832,0.088752,-0.701587,-0.012357,-0.000065,-0.000000
7.911980,-312.853470,-1.269896,1788.087977,-38.834133,-0.155665,189.716528,-0.701502,0.088274,0.089200,-0.701531,-0.012522,-0.000066,-0.000000
8.013870,-316.804465,-1.285727,1807.345183,-38.720951,-0.155073,188.288115,-0.701445,0.088721,0.089651,-0.701474,-0.012604,-0.000066,0.000000
8.115759,-320.744003,-1.301497,1826.457231,-38.609232,-0.154489,186.867174,-0.701388,0.089170,0.090104,-0.701417,-0.012642,-0.000066,0.000000
8.217648,-324.672229,-1.317209,1845.424876,-38.498860,-0.153913,185.453600,-0.701330,0.089619,0.090559,-0.701359,-0.012682,-0.000066,0.000000
8.346841,-329.637068,-1.337046,1869.268956,-38.360675,-0.153191,183.671652,-0.701256,0.090193,0.091138,-0.701285,-0.012795,-0.000066,-0.000000
8.476034,-334.584177,-1.356791,1892.883563,-38.224344,-0.152477,181.901161,-0.701180,0.090774,0.091725,-0.701209,-0.013009,-0.000067,-0.000000
8.605227,-339.513791,-1.376445,1916.270161,-38.089852,-0.151772,180.141877,-0.701102,0.091366,0.092323,-0.701131,-0.013305,-0.000069,-0.000000
8.734420,-344.426152,-1.396008,1939.430182,-37.957273,-0.151078,178.393534,-0.701022,0.091972,0.092936,-0.701051,-0.013626,-0.000071,-0.000000
8.863613,-349.321511,-1.415482,1962.365019,-37.826698,-0.150394,176.655817,-0.700940,0.092592,0.093563,-0.700969,-0.013909,-0.000073,0.000000
9.011175,-354.892432,-1.437617,1988.286992,-37.680036,-0.149626,174.683621,-0.700843,0.093314,0.094293,-0.700872,-0.014149,-0.000074,-0.000000
9.158736,-360.441899,-1.459640,2013.918910,-37.535919,-0.148873,172.724434,-0.700744,0.094047,0.095033,-0.700773,-0.014318,-0.000074,-0.000000
9.306298,-365.970276,-1.481554,2039.262666,-37.394147,-0.148132,170.777903,-0.700643,0.094788,0.095782,-0.700672,-0.014480,-0.000075,-0.000000
9.453860,-371.477893,-1.503358,2064.320105,-37.254513,-0.147401,168.843754,-0.700540,0.095538,0.096540,-0.700569,-0.014702,-0.000076,-0.000000
9.601422,-376.965058,-1.525056,2089.093036,-37.116899,-0.146681,166.921733,-0.700434,0.096302,0.097311,-0.700463,-0.015012,-0.000078,0.000000
9.777580,-383.489243,-1.550820,2118.296753,-36.955264,-0.145834,164.642728,-0.700304,0.097236,0.098255,-0.700333,-0.015459,-0.000080,0.000000
9.953739,-389.985218,-1.576436,2147.100454,-36.796627,-0.145003,162.380119,-0.700168,0.098197,0.099227,-0.700197,-0.015906,-0.000083,0.000000
10.129897,-396.453515,-1.601908,2175.506986,-36.641092,-0.144189,160.133420,-0.700028,0.099185,0.100225,-0.700057,-0.016278,-0.000085,-0.000000
10.306056,-402.894682,-1.627238,2203.519113,-36.488634,-0.143392,157.902193,-0.699883,0.100193,0.101243,-0.699912,-0.016568,-0.000086,-0.000000
10.482215,-409.309247,-1.652428,2231.139525,-36.339066,-0.142610,155.686065,-0.699734,0.101218,0.102279,-0.699762,-0.016840,-0.000087,-0.000000
10.658373,-415.697703,-1.677482,2258.370853,-36.192135,-0.141842,153.484696,-0.699580,0.102261,0.103333,-0.699609,-0.017179,-0.000089,-0.000000
10.834532,-422.060498,-1.702402,2285.215663,-36.047662,-0.141085,151.297739,-0.699422,0.103327,0.104410,-0.699451,-0.017631,-0.000091,0.000000
11.010690,-428.398061,-1.727190,2311.676463,-35.905626,-0.140341,149.124811,-0.699257,0.104423,0.105517,-0.699286,-0.018169,-0.000095,0.000000
11.186849,-434.710826,-1.751848,2337.755688,-35.766141,-0.139610,146.965502,-0.699086,0.105552,0.106658,-0.699115,-0.018714,-0.000098,0.000000
11.363007,-440.999250,-1.776378,2363.455703,-35.629330,-0.138894,144.819407,-0.698908,0.106713,0.107832,-0.698937,-0.019190,-0.000100,-0.000000
11.539166,-447.263807,-1.800783,2388.778804,-35.495202,-0.138193,142.686170,-0.698724,0.107901,0.109032,-0.698753,-0.019578,-0.000102,-0.000000
11.715325,-453.504959,-1.825066,2413.727228,-35.363608,-0.137506,140.565491,-0.698534,0.109111,0.110255,-0.698563,-0.019932,-0.000103,-0.000000
11.891483,-459.723137,-1.849229,2438.303162,-35.234311,-0.136830,138.457108,-0.698338,0.110343,0.111500,-0.698367,-0.020338,-0.000105,-0.000000
12.067642,-465.918729,-1.873274,2462.508749,-35.107105,-0.136164,136.360757,-0.698136,0.111603,0.112773,-0.698165,-0.020859,-0.000108,0.000000
12.284522,-473.516040,-1.902718,2491.804264,-34.953297,-0.135357,133.795880,-0.697876,0.113201,0.114388,-0.697905,-0.021647,-0.000113,0.000000
12.443138,-479.051424,-1.924142,2512.878466,-34.842826,-0.134778,131.930951,-0.697676,0.114410,0.115609,-0.697705,-0.022270,-0.000116,0.000000
12.601755,-484.569430,-1.945474,2533.657571,-34.734197,-0.134209,130.074951,-0.697469,0.115652,0.116864,-0.697498,-0.022859,-0.000120,0.000000
12.760371,-490.070353,-1.966718,2554.142978,-34.627474,-0.133650,128.227646,-0.697255,0.116924,0.118150,-0.697284,-0.023375,-0.000122,-0.000000
12.918988,-495.554495,-1.987873,2574.336049,-34.522603,-0.133103,126.388845,-0.697034,0.118224,0.119463,-0.697063,-0.023836,-0.000124,-0.000000
13.077604,-501.022141,-2.008943,2594.238119,-34.419451,-0.132564,124.558388,-0.696806,0.119547,0.120801,-0.696834,-0.024294,-0.000126,-0.000000
13.236221,-506.473554,-2.029927,2613.850500,-34.317853,-0.132034,122.736131,-0.696570,0.120896,0.122164,-0.696599,-0.024808,-0.000128,0.000000
13.394837,-511.908970,-2.050828,2633.174481,-34.217710,-0.131510,120.921914,-0.696327,0.122275,0.123557,-0.696356,-0.025407,-0.000131,0.000000
13.553454,-517.328616,-2.071647,2652.211322,-34.118999,-0.130993,119.115559,-0.696075,0.123689,0.124985,-0.696104,-0.026082,-0.000135,0.000000
13.745237,-523.860785,-2.096710,2674.847071,-34.001593,-0.130378,116.941722,-0.695756,0.125449,0.126764,-0.695785,-0.026966,-0.000140,-0.000000
13.937020,-530.370646,-2.121656,2697.066956,-33.886381,-0.129773,114.778757,-0.695423,0.127267,0.128601,-0.695451,-0.027875,-0.000145,-0.000000
14.128804,-536.858623,-2.146488,2718.873033,-33.773395,-0.129181,112.626341,-0.695073,0.129145,0.130499,-0.695101,-0.028777,-0.000150,0.000000
14.320587,-543.325141,-2.171207,2740.267300,-33.662624,-0.128601,110.484177,-0.694706,0.131082,0.132456,-0.694735,-0.029662,-0.000155,0.000000
14.547855,-550.961041,-2.200358,2765.090096,-33.534117,-0.127929,107.958482,-0.694250,0.133452,0.134851,-0.694279,-0.030713,-0.000160,0.000000
14.775124,-558.568132,-2.229357,2789.340771,-33.408464,-0.127270,105.446341,-0.693769,0.135904,0.137329,-0.693797,-0.031803,-0.000166,0.000000
14.946425,-564.283156,-2.251117,2807.242777,-33.315568,-0.126782,103.561608,-0.693389,0.137810,0.139255,-0.693417,-0.032669,-0.000171,0.000000
15.117726,-569.982386,-2.272795,2824.822520,-33.224156,-0.126301,101.684212,-0.692992,0.139768,0.141234,-0.693021,-0.033593,-0.000176,0.000000
15.289027,-575.666076,-2.294390,2842.081260,-33.134182,-0.125828,99.813981,-0.692579,0.141781,0.143268,-0.692608,-0.034580,-0.000181,0.000000
15.491996,-582.380628,-2.319873,2862.116322,-33.029399,-0.125276,97.607107,-0.692065,0.144242,0.145755,-0.692094,-0.035837,-0.000188,0.000000
15.694965,-589.074073,-2.345245,2881.704249,-32.926540,-0.124737,95.409804,-0.691523,0.146791,0.148331,-0.691552,-0.037190,-0.000194,0.000000
15.897934,-595.746844,-2.370509,2900.847166,-32.825591,-0.124209,93.221753,-0.690951,0.149435,0.151003,-0.690979,-0.038623,-0.000201,-0.000000
16.100903,-602.399332,-2.395667,2919.546944,-32.726566,-0.123691,91.042665,-0.690345,0.152179,0.153775,-0.690374,-0.040113,-0.000207,-0.000000
16.408010,-612.427364,-2.433535,2947.002609,-32.580380,-0.122926,87.761968,-0.689362,0.156528,0.158170,-0.689391,-0.042444,-0.000218,-0.000000
16.715118,-622.411175,-2.471171,2973.453785,-32.438511,-0.122179,84.500281,-0.688292,0.161121,0.162811,-0.688320,-0.044860,-0.000231,0.000000
16.955263,-630.188090,-2.500443,2993.441188,-32.330462,-0.121608,81.962533,-0.687390,0.164889,0.166618,-0.687418,-0.046836,-0.000243,0.000000
17.195408,-637.939336,-2.529579,3012.820431,-32.224752,-0.121048,79.435616,-0.686425,0.168818,0.170588,-0.686454,-0.048952,-0.000256,0.000000
17.435552,-645.665464,-2.558582,3031.594105,-32.121208,-0.120501,76.919213,-0.685392,0.172922,0.174735,-0.685421,-0.051261,-0.000268,0.000000
17.675697,-653.366982,-2.587456,3049.764709,-32.019721,-0.119967,74.412978,-0.684283,0.177215,0.179074,-0.684311,-0.053784,-0.000281,-0.000000
17.915842,-661.044370,-2.616202,3067.334646,-31.920241,-0.119445,71.916547,-0.683089,0.181716,0.183623,-0.683117,-0.056510,-0.000295,-0.000000
18.134484,-668.013753,-2.642267,3082.810933,-31.831421,-0.118980,69.651860,-0.681920,0.186007,0.187959,-0.681949,-0.059147,-0.000307,-0.000000
18.353127,-674.963896,-2.668231,3097.792888,-31.744287,-0.118523,67.394732,-0.680669,0.190491,0.192489,-0.680697,-0.061911,-0.000321,0.000000
18.571769,-681.895169,-2.694096,3112.282141,-31.658822,-0.118074,65.144922,-0.679326,0.195176,0.197223,-0.679354,-0.064798,-0.000335,0.000000
18.790411,-688.807932,-2.719863,3126.280269,-31.574984,-0.117630,62.902213,-0.677886,0.200069,0.202167,-0.677914,-0.067819,-0.000351,0.000000
19.139143,-699.796255,-2.760763,3147.594503,-31.444450,-0.116937,59.339339,-0.675367,0.208329,0.210514,-0.675395,-0.072975,-0.000379,0.000000
19.396034,-707.861938,-2.790738,3162.502271,-31.350671,-0.116434,56.725576,-0.673317,0.214792,0.217045,-0.673345,-0.077077,-0.000402,0.000000
19.652924,-715.903776,-2.820585,3176.739737,-31.258789,-0.115937,54.120666,-0.671084,0.221600,0.223925,-0.671112,-0.081482,-0.000427,0.000000
19.909815,-723.922247,-2.850305,3190.309137,-31.168711,-0.115447,51.524346,-0.668646,0.228775,0.231176,-0.668674,-0.086222,-0.000453,0.000000
20.166705,-731.917804,-2.879900,3203.212643,-31.080370,-0.114964,48.936359,-0.665980,0.236341,0.238823,-0.666009,-0.091322,-0.000481,0.000000
20.475303,-741.493044,-2.915289,3217.835931,-30.976477,-0.114393,45.838117,-0.662441,0.245984,0.248568,-0.662470,-0.097950,-0.000517,0.000000
20.783901,-751.036595,-2.950505,3231.504870,-30.874968,-0.113841,42.751107,-0.658487,0.256273,0.258966,-0.658516,-0.105149,-0.000553,0.000000
21.092498,-760.549186,-2.985554,3244.222848,-30.775833,-0.113311,39.674919,-0.654062,0.267252,0.270061,-0.654091,-0.112932,-0.000589,0.000000
21.401096,-770.031551,-3.020441,3255.993135,-30.679098,-0.112798,36.609156,-0.649103,0.278961,0.281893,-0.649132,-0.121307,-0.000626,0.000000
21.709694,-779.484437,-3.055172,3266.818892,-30.584803,-0.112293,33.553449,-0.643540,0.291437,0.294499,-0.643568,-0.130280,-0.000669,0.000000
22.089815,-791.088833,-3.097740,3278.859974,-30.472101,-0.111679,29.802833,-0.635745,0.307905,0.311137,-0.635771,-0.142171,-0.000730,0.000000
22.469936,-802.651139,-3.140076,3289.478070,-30.363375,-0.111070,26.066331,-0.626757,0.325631,0.329047,-0.626782,-0.154991,-0.000800,-0.000000
22.850058,-814.172919,-3.182183,3298.678420,-30.258907,-0.110473,22.343297,-0.616397,0.344643,0.348258,-0.616421,-0.168708,-0.000878,-0.000000
23.143359,-823.036477,-3.214518,3304.811556,-30.181470,-0.110023,19.479353,-0.607344,0.360196,0.363974,-0.607368,-0.179844,-0.000939,0.000000
23.436661,-831.877761,-3.246724,3310.105751,-30.107073,-0.109588,16.622566,-0.597266,0.376502,0.380452,-0.597290,-0.191364,-0.001000,0.000000
23.729962,-840.697702,-3.278805,3314.563032,-30.036007,-0.109172,13.772411,-0.586070,0.393526,0.397657,-0.586095,-0.203143,-0.001060,-0.000000
24.023263,-849.497320,-3.310768,3318.185253,-29.968561,-0.108784,10.928239,-0.573668,0.411214,0.415530,-0.573692,-0.215011,-0.001117,-0.000000
24.316565,-858.277720,-3.342620,3320.974054,-29.905011,-0.108423,8.089248,-0.559979,0.429481,0.433988,-0.560003,-0.226740,-0.001171,0.000000
24.560597,-865.569384,-3.369042,3322.660213,-29.855275,-0.108128,5.730374,-0.547564,0.445042,0.449712,-0.547586,-0.236176,-0.001218,0.000000
24.804630,-872.849265,-3.395393,3323.771014,-29.808455,-0.107837,3.373680,-0.534192,0.460846,0.465679,-0.534213,-0.245093,-0.001265,-0.000000
25.048662,-880.118072,-3.421675,3324.306889,-29.764508,-0.107560,1.018347,-0.519860,0.476792,0.481792,-0.519879,-0.253240,-0.001309,-0.000000
25.154191,-883.258118,-3.433020,3324.360618,-29.746354,-0.107446,0.000006,-0.513369,0.483703,0.488775,-0.513387,-0.256453,-0.001326,-0.000000
