Mach,CD Power-Off
0.01,0.407288886
0.02,0.391445197
0.03,0.398029922
0.04,0.394968748
0.05,0.389669843
0.06,0.383995114
0.07,0.378501259
0.08,0.37731517
0.09,0.376188001
0.1,0.374865851
0.11,0.373449802
0.12,0.371998557
0.13,0.370546894
0.14,0.369115552
0.15,0.367716805
0.16,0.366357668
0.17,0.365041921
0.18,0.363771204
0.19,0.362545908
0.2,0.361361389
0.21,0.36022498
0.22,0.359131211
0.23,0.358078643
0.24,0.357065739
0.25,0.356090938
0.26,0.35530232
0.27,0.354548791
0.28,0.353828913
0.29,0.353141314
0.3,0.352484738
0.31,0.351857993
0.32,0.351259913
0.33,0.350689485
0.34,0.3501457
0.35,0.349627685
0.36,0.349134553
0.37,0.348665569
0.38,0.348220014
0.39,0.347797242
0.4,0.347396631
0.41,0.34701768
0.42,0.346659865
0.43,0.346322785
0.44,0.346006021
0.45,0.345709279
0.46,0.345432225
0.47,0.345174637
0.48,0.344936338
0.49,0.344717147
0.5,0.344516991
0.51,0.344335799
0.52,0.344173549
0.53,0.344229545
0.54,0.344558472
0.55,0.344897205
0.56,0.345246274
0.57,0.345606198
0.58,0.345977627
0.59,0.346361231
0.6,0.346757709
0.61,0.347438559
0.62,0.348124253
0.63,0.34882542
0.64,0.34954312
0.65,0.350278514
0.66,0.351032819
0.67,0.351807447
0.68,0.352603987
0.69,0.353424117
0.7,0.35426979
0.71,0.354509033
0.72,0.354709416
0.73,0.3549099
0.74,0.355110464
0.75,0.355311117
0.76,0.35551188
0.77,0.355712712
0.78,0.355913632
0.79,0.356114662
0.8,0.356315748
0.81,0.358064474
0.82,0.359813266
0.83,0.361562156
0.84,0.363311112
0.85,0.365060187
0.86,0.366809326
0.87,0.368558573
0.88,0.370307895
0.89,0.372057303
0.9,0.373806785
0.91,0.376348671
0.92,0.38397433
0.93,0.395337287
0.94,0.406624712
0.95,0.417912138
0.96,0.429199563
0.97,0.440486989
0.98,0.451774415
0.99,0.46306184
1,0.474349266
1.01,0.485636691
1.02,0.496924117
1.03,0.508211543
1.04,0.519498968
1.05,0.530786394
1.06,0.528638934
1.07,0.526522363
1.08,0.524435916
1.09,0.52237884
1.1,0.520350463
1.11,0.518350045
1.12,0.51637698
1.13,0.514430579
1.14,0.512510278
1.15,0.510615444
1.16,0.508462039
1.17,0.506323777
1.18,0.50421058
1.19,0.502121901
1.2,0.500057264
1.21,0.498016167
1.22,0.496153141
1.23,0.49460344
1.24,0.493244734
1.25,0.492043478
1.26,0.49098232
1.27,0.490050162
1.28,0.4892393
1.29,0.488544003
1.3,0.487959774
1.31,0.487483076
1.32,0.487110959
1.33,0.486841032
1.34,0.48667122
1.35,0.486599813
1.36,0.48662529
1.37,0.486746372
1.38,0.486961959
1.39,0.487271021
1.4,0.487672766
1.41,0.488166367
1.42,0.488751235
1.43,0.489426741
1.44,0.490192389
1.45,0.491047758
1.46,0.491992417
1.47,0.493026064
1.48,0.494148382
1.49,0.495359116
1.5,0.496658066
1.51,0.498045055
1.52,0.499519928
1.53,0.501082553
1.54,0.502732851
1.55,0.504470763
1.56,0.506296215
1.57,0.508209196
1.58,0.51020971
1.59,0.512297773
1.6,0.5144734
1.61,0.516736639
1.62,0.519087579
1.63,0.521526283
1.64,0.524052833
1.65,0.526667332
1.66,0.529369913
1.67,0.532160697
1.68,0.535039819
1.69,0.538007417
1.7,0.541063676
1.71,0.544208754
1.72,0.547442791
1.73,0.550766042
1.74,0.55417865
1.75,0.557680827
1.76,0.561272791
1.77,0.564954747
1.78,0.568726913
1.79,0.572589513
1.8,0.576542814
1.81,0.580627805
1.82,0.584791107
1.83,0.58904127
1.84,0.59337854
1.85,0.597803224
1.86,0.597332059
1.87,0.594766507
1.88,0.592230523
1.89,0.589723321
1.9,0.587244187
1.91,0.584792386
1.92,0.582367248
1.93,0.579968027
1.94,0.577593896
1.95,0.57524424
1.96,0.572918481
1.97,0.570616038
1.98,0.568336368
1.99,0.566078945
2,0.563843267
2.01,0.561752464
2.02,0.559677143
2.03,0.557623746
2.04,0.555591837
2.05,0.553580946
2.06,0.551590707
2.07,0.54962068
2.08,0.547670448
2.09,0.545739663
2.1,0.543827935
2.11,0.541934906
2.12,0.540060208
2.13,0.53820351
2.14,0.536364504
2.15,0.534542816
2.16,0.532738182
2.17,0.530950255
2.18,0.529178765
2.19,0.527423431
2.2,0.525683965
2.21,0.523960085
2.22,0.522251498
2.23,0.520557996
2.24,0.51887932
2.25,0.517215198
2.26,0.515565412
2.27,0.513929719
2.28,0.512307907
2.29,0.510699737
2.3,0.50910499
2.31,0.507523479
2.32,0.505954978
2.33,0.5043993
2.34,0.502856267
2.35,0.501325666
2.36,0.499807296
2.37,0.49830099
2.38,0.496806605
2.39,0.495323902
2.4,0.493852773
2.41,0.492393031
2.42,0.490944508
2.43,0.489507052
2.44,0.488080513
2.45,0.486664752
2.46,0.485259583
2.47,0.483864895
2.48,0.482480551
2.49,0.481106409
2.5,0.479742313
2.51,0.478388157
2.52,0.4770438
2.53,0.475709111
2.54,0.474383993
2.55,0.473068292
2.56,0.471761912
2.57,0.470464724
2.58,0.46917663
2.59,0.467897511
2.6,0.46662724
2.61,0.465365753
2.62,0.464112909
2.63,0.462868622
2.64,0.461632778
2.65,0.460405293
2.66,0.459186067
2.67,0.457975001
2.68,0.456771998
2.69,0.455576988
2.7,0.454389849
2.71,0.453210517
2.72,0.45203889
2.73,0.450874927
2.74,0.449718477
2.75,0.448569502
2.76,0.447427917
2.77,0.446293648
2.78,0.445166585
2.79,0.444046699
2.8,0.442933875
2.81,0.441828062
2.82,0.440729182
2.83,0.439637164
2.84,0.43855195
2.85,0.437473437
2.86,0.436401614
2.87,0.435336366
2.88,0.43427762
2.89,0.433225363
2.9,0.432179501
2.91,0.431139986
2.92,0.430106713
2.93,0.429079685
2.94,0.428058812
2.95,0.427044033
2.96,0.426035303
2.97,0.425032534
2.98,0.424035722
2.99,0.423044757
3,0.422059628
3.01,0.421142089
3.02,0.420229507
3.03,0.419321859
3.04,0.418419118
3.05,0.417521213
3.06,0.416628079
3.07,0.415739723
3.08,0.414856083
3.09,0.413977107
3.1,0.413102792
3.11,0.412233051
3.12,0.411367881
3.13,0.410507212
3.14,0.409651055
3.15,0.408799321
3.16,0.40795199
3.17,0.407109052
3.18,0.406270433
3.19,0.405436114
3.2,0.404606055
3.21,0.403780235
3.22,0.402958609
3.23,0.402141138
3.24,0.401327812
3.25,0.400518567
3.26,0.399713405
3.27,0.398912248
3.28,0.398115111
3.29,0.397321949
3.3,0.396532705
3.31,0.39574739
3.32,0.394965939
3.33,0.394188361
3.34,0.393414579
3.35,0.392644596
3.36,0.391878381
3.37,0.391115885
3.38,0.390357112
3.39,0.389602002
3.4,0.388850551
3.41,0.388102721
3.42,0.387358489
3.43,0.386617841
3.44,0.385880726
3.45,0.385147126
3.46,0.384417032
3.47,0.383690395
3.48,0.382967197
3.49,0.382247432
3.5,0.381531049
3.51,0.380818032
3.52,0.380108369
3.53,0.379402034
3.54,0.37869898
3.55,0.377999213
3.56,0.377302692
3.57,0.376609405
3.58,0.375919301
3.59,0.375232399
3.6,0.374548667
3.61,0.373868066
3.62,0.373190576
3.63,0.372516183
3.64,0.371844868
3.65,0.371176602
3.66,0.370511367
3.67,0.369849158
3.68,0.369189928
3.69,0.368533669
3.7,0.367880366
3.71,0.367229995
3.72,0.366582517
3.73,0.36593794
3.74,0.365296235
3.75,0.364657385
3.76,0.36402136
3.77,0.363388143
3.78,0.362757741
3.79,0.362130084
3.8,0.361505223
3.81,0.360883056
3.82,0.360263631
3.83,0.359646914
3.84,0.359032873
3.85,0.358421495
3.86,0.357812787
3.87,0.357206684
3.88,0.356603192
3.89,0.356002318
3.9,0.355404012
3.91,0.354808259
3.92,0.354215068
3.93,0.353624392
3.94,0.353036241
3.95,0.352450571
3.96,0.351867381
3.97,0.351286671
3.98,0.350708385
3.99,0.350132534
4,0.349559112
4.01,0.34901092
4.02,0.348465092
4.03,0.347921627
4.04,0.347380466
4.05,0.346841612
4.06,0.346305071
4.07,0.345770804
4.08,0.345238814
4.09,0.344709062
4.1,0.344181554
4.11,0.343656273
4.12,0.343133195
4.13,0.342612316
4.14,0.342093622
4.15,0.341553325
4.16,0.340999254
4.17,0.340447576
4.18,0.339898302
4.19,0.339351393
4.2,0.338806867
4.21,0.338264673
4.22,0.337724829
4.23,0.337187284
4.24,0.336652036
4.25,0.336119102
4.26,0.335588414
4.27,0.335059978
4.28,0.334533804
4.29,0.334009841
4.3,0.333488088
4.31,0.332968533
4.32,0.332451166
4.33,0.331935956
4.34,0.33142291
4.35,0.330911991
4.36,0.330403187
4.37,0.329896516
4.38,0.329391928
4.39,0.328889433
4.4,0.328388991
4.41,0.327890599
4.42,0.327394268
4.43,0.326899941
4.44,0.326407632
4.45,0.325917333
4.46,0.325429016
4.47,0.324942658
4.48,0.324458289
4.49,0.323975852
4.5,0.323495335
4.51,0.323016757
4.52,0.32254007
4.53,0.322065291
4.54,0.321592386
4.55,0.321121349
4.56,0.320652183
4.57,0.320184851
4.58,0.319719338
4.59,0.319255678
4.6,0.3187938
4.61,0.318333715
4.62,0.317875435
4.63,0.31741889
4.64,0.316964138
4.65,0.316511122
4.66,0.316059833
4.67,0.315610283
4.68,0.315162426
4.69,0.314716281
4.7,0.314271825
4.71,0.31382904
4.72,0.313387918
4.73,0.312948449
4.74,0.31251063
4.75,0.312074436
4.76,0.311639862
4.77,0.311206911
4.78,0.31077554
4.79,0.310345768
4.8,0.309917566
4.81,0.309490937
4.82,0.30906585
4.83,0.3086423
4.84,0.308220295
4.85,0.307799807
4.86,0.307380829
4.87,0.30696336
4.88,0.306547365
4.89,0.306132856
4.9,0.305719828
4.91,0.305308238
4.92,0.304898108
4.93,0.304489419
4.94,0.304082148
4.95,0.303676315
4.96,0.303271866
4.97,0.302868808
4.98,0.302467166
4.99,0.302066877
5,0.301667962
5.01,0.301270411
5.02,0.300874205
5.03,0.300479323
5.04,0.300085798
5.05,0.299693578
5.06,0.299302649
5.07,0.298913051
5.08,0.298524715
5.09,0.298137671
5.1,0.297751894
5.11,0.297367373
5.12,0.29698413
5.13,0.296602095
5.14,0.296221312
5.15,0.295841746
5.16,0.295463399
5.17,0.295086249
5.18,0.294710301
5.19,0.294335545
5.2,0.293961958
5.21,0.29358956
5.22,0.293218301
5.23,0.292848201
5.24,0.292479241
5.25,0.29211141
5.26,0.291744716
5.27,0.291379131
5.28,0.291014654
5.29,0.290651279
5.3,0.29028899
5.31,0.289927769
5.32,0.289567651
5.33,0.289208571
5.34,0.288850554
5.35,0.28849359
5.36,0.288137657
5.37,0.287782768
5.38,0.287428882
5.39,0.287076013
5.4,0.28672416
5.41,0.286373303
5.42,0.286023422
5.43,0.285674536
5.44,0.285326616
5.45,0.284979649
5.46,0.284633651
5.47,0.284288595
5.48,0.283944488
5.49,0.283601307
5.5,0.283259043
5.51,0.282917707
5.52,0.282577276
5.53,0.282237733
5.54,0.281899105
5.55,0.28156134
5.56,0.281224463
5.57,0.280888454
5.58,0.280553293
5.59,0.280218996
5.6,0.279885555
5.61,0.27955293
5.62,0.279221146
5.63,0.278890188
5.64,0.278560041
5.65,0.278230714
5.66,0.27790217
5.67,0.277574421
5.68,0.277247467
5.69,0.276921285
5.7,0.276595867
5.71,0.27627123
5.72,0.275947331
5.73,0.27562418
5.74,0.275301785
5.75,0.274980105
5.76,0.274659161
5.77,0.274338938
5.78,0.274019427
5.79,0.273700617
5.8,0.273382511
5.81,0.273065085
5.82,0.272748354
5.83,0.272432293
5.84,0.272116896
5.85,0.271802176
5.86,0.271488098
5.87,0.271174669
5.88,0.270861893
5.89,0.270549744
5.9,0.270238215
5.91,0.269927321
5.92,0.269617033
5.93,0.269307353
5.94,0.268998274
5.95,0.268689784
5.96,0.268381892
5.97,0.268074561
5.98,0.26776781
5.99,0.26746164
6,0.267156013
6.01,0.266860847
6.02,0.266577667
6.03,0.266295282
6.04,0.266013684
6.05,0.265732886
6.06,0.265452857
6.07,0.265173602
6.08,0.264895132
6.09,0.264617431
6.1,0.264340497
6.11,0.264064325
6.12,0.263788906
6.13,0.26351426
6.14,0.263240353
6.15,0.262967215
6.16,0.262694815
6.17,0.262423162
6.18,0.262152238
6.19,0.261882066
6.2,0.261612621
6.21,0.261343916
6.22,0.26107594
6.23,0.26084798
6.24,0.260665566
6.25,0.26048357
6.26,0.260302028
6.27,0.260120914
6.28,0.259940204
6.29,0.259759945
6.3,0.259580123
6.31,0.259400714
6.32,0.259221725
6.33,0.25904317
6.34,0.258865024
6.35,0.258687309
6.36,0.258510025
6.37,0.258333135
6.38,0.258156683
6.39,0.257980607
6.4,0.257804955
6.41,0.257629736
6.42,0.257454906
6.43,0.257280479
6.44,0.257106483
6.45,0.256932872
6.46,0.256759651
6.47,0.256586838
6.48,0.256414431
6.49,0.256242423
6.5,0.256070818
6.51,0.255899578
6.52,0.255728761
6.53,0.255558316
6.54,0.255388271
6.55,0.255218623
6.56,0.255049355
6.57,0.254880456
6.58,0.254711967
6.59,0.254543855
6.6,0.254376109
6.61,0.254208752
6.62,0.254041769
6.63,0.253875163
6.64,0.253708945
6.65,0.253543086
6.66,0.253377611
6.67,0.253212494
6.68,0.253047749
6.69,0.252883369
6.7,0.25271936
6.71,0.252555719
6.72,0.25239244
6.73,0.252229528
6.74,0.252066981
6.75,0.251904782
6.76,0.251742956
6.77,0.251581468
6.78,0.251420359
6.79,0.251259577
6.8,0.251099176
6.81,0.250939104
6.82,0.250779404
6.83,0.250620043
6.84,0.250461026
6.85,0.250302358
6.86,0.250144042
6.87,0.249986052
6.88,0.249828427
6.89,0.249671131
6.9,0.249514178
6.91,0.249357558
6.92,0.249201292
6.93,0.249045347
6.94,0.248889745
6.95,0.248734477
6.96,0.248579535
6.97,0.248424923
6.98,0.248270652
6.99,0.248116705
7,0.247967933
7.01,0.247829572
7.02,0.247691588
7.03,0.247554022
7.04,0.247416854
7.05,0.247280068
7.06,0.247143688
7.07,0.247007687
7.08,0.246872088
7.09,0.24673687
7.1,0.246602053
7.11,0.246467625
7.12,0.246333563
7.13,0.246199892
7.14,0.246066627
7.15,0.24593371
7.16,0.245801184
7.17,0.245669035
7.18,0.245537257
7.19,0.245405839
7.2,0.245274826
7.21,0.245144172
7.22,0.245013882
7.23,0.244883977
7.24,0.244754428
7.25,0.244625249
7.26,0.244496431
7.27,0.244367966
7.28,0.244239893
7.29,0.244112161
7.3,0.243984778
7.31,0.243857758
7.32,0.243731091
7.33,0.243604785
7.34,0.243478833
7.35,0.243353232
7.36,0.243227975
7.37,0.243103087
7.38,0.242978528
7.39,0.242854323
7.4,0.242730471
7.41,0.242606946
7.42,0.242483771
7.43,0.242360935
7.44,0.242238448
7.45,0.242116293
7.46,0.241994478
7.47,0.241872989
7.48,0.241751847
7.49,0.241631035
7.5,0.241510552
7.51,0.241390411
7.52,0.241270599
7.53,0.2411511
7.54,0.241031928
7.55,0.240913102
7.56,0.240794585
7.57,0.240676409
7.58,0.240558539
7.59,0.240440991
7.6,0.240323769
7.61,0.240206856
7.62,0.240090262
7.63,0.239973996
7.64,0.239858046
7.65,0.239742395
7.66,0.239627071
7.67,0.239512059
7.68,0.23939736
7.69,0.239282946
7.7,0.239168864
7.71,0.23905508
7.72,0.238941616
7.73,0.238828431
7.74,0.23871558
7.75,0.238603008
7.76,0.238490736
7.77,0.238378783
7.78,0.238267116
7.79,0.238155766
7.8,0.238044677
7.81,0.23793391
7.82,0.237823429
7.83,0.237713245
7.84,0.237603373
7.85,0.237493766
7.86,0.237384458
7.87,0.237275429
7.88,0.237166703
7.89,0.23705826
7.9,0.236950107
7.91,0.236842228
7.92,0.236734654
7.93,0.236627344
7.94,0.23652033
7.95,0.236413578
7.96,0.236307126
7.97,0.236200944
7.98,0.236095036
7.99,0.235989411
8,0.235884077
8.01,0.235778988
8.02,0.23567419
8.03,0.235569652
8.04,0.235465401
8.05,0.235361429
8.06,0.235257708
8.07,0.235154279
8.08,0.235051098
8.09,0.234948192
8.1,0.234845549
8.11,0.234743173
8.12,0.234641059
8.13,0.23453922
8.14,0.234437611
8.15,0.234336297
8.16,0.234235241
8.17,0.234134426
8.18,0.234033878
8.19,0.233933597
8.2,0.23383356
8.21,0.233733796
8.22,0.233634271
8.23,0.233535015
8.24,0.233435988
8.25,0.233337244
8.26,0.23323873
8.27,0.233140469
8.28,0.233042488
8.29,0.232944719
8.3,0.232847206
8.31,0.23274995
8.32,0.232652914
8.33,0.232556159
8.34,0.232459646
8.35,0.232363353
8.36,0.232267305
8.37,0.23217152
8.38,0.232075956
8.39,0.231980656
8.4,0.231885572
8.41,0.231790725
8.42,0.231696126
8.43,0.231601764
8.44,0.231507649
8.45,0.231413744
8.46,0.231320099
8.47,0.231226674
8.48,0.231133482
8.49,0.231040523
8.5,0.230947805
8.51,0.230855319
8.52,0.230763038
8.53,0.230670998
8.54,0.230579186
8.55,0.230487617
8.56,0.230396267
8.57,0.23030514
8.58,0.230214222
8.59,0.230123556
8.6,0.230033089
8.61,0.229942868
8.62,0.229852849
8.63,0.229763064
8.64,0.2296735
8.65,0.229584145
8.66,0.229494999
8.67,0.229406092
8.68,0.229317412
8.69,0.229228936
8.7,0.229140662
8.71,0.22905262
8.72,0.228964771
8.73,0.228877174
8.74,0.228789767
8.75,0.228702574
8.76,0.228615586
8.77,0.228528823
8.78,0.228442257
8.79,0.228355903
8.8,0.228269766
8.81,0.228183826
8.82,0.228098096
8.83,0.228012577
8.84,0.227927275
8.85,0.227842173
8.86,0.227757255
8.87,0.227672569
8.88,0.227588063
8.89,0.227503774
8.9,0.227419683
8.91,0.227335794
8.92,0.227252102
8.93,0.227168622
8.94,0.227085321
8.95,0.227002232
8.96,0.226919341
8.97,0.226836645
8.98,0.226754142
8.99,0.226671822
9,0.226589733
9.01,0.226507822
9.02,0.22642609
9.03,0.226344572
9.04,0.226263235
9.05,0.226182085
9.06,0.226101142
9.07,0.226020384
9.08,0.225939796
9.09,0.225859428
9.1,0.225779245
9.11,0.225699229
9.12,0.225619426
9.13,0.225539795
9.14,0.225460362
9.15,0.225381089
9.16,0.225302022
9.17,0.225223156
9.18,0.225144458
9.19,0.225065935
9.2,0.224987606
9.21,0.224909434
9.22,0.22483147
9.23,0.224753697
9.24,0.224676092
9.25,0.224598646
9.26,0.224521401
9.27,0.224444332
9.28,0.22436744
9.29,0.224290723
9.3,0.22421418
9.31,0.224137833
9.32,0.22406163
9.33,0.223985639
9.34,0.223909797
9.35,0.223834141
9.36,0.223758651
9.37,0.223683336
9.38,0.223608185
9.39,0.223533227
9.4,0.223458443
9.41,0.223383816
9.42,0.223309357
9.43,0.223235073
9.44,0.223160942
9.45,0.223087001
9.46,0.22301322
9.47,0.22293961
9.48,0.222866168
9.49,0.22279288
9.5,0.222719765
9.51,0.222646839
9.52,0.222574044
9.53,0.222501428
9.54,0.222428981
9.55,0.222356681
9.56,0.222284541
9.57,0.222212596
9.58,0.222140786
9.59,0.222069145
9.6,0.221997678
9.61,0.221926355
9.62,0.221855193
9.63,0.221784198
9.64,0.221713351
9.65,0.221642675
9.66,0.22157214
9.67,0.221501775
9.68,0.22143157
9.69,0.221361527
9.7,0.22129163
9.71,0.221221878
9.72,0.221152289
9.73,0.221082858
9.74,0.221013589
9.75,0.220944452
9.76,0.220875477
9.77,0.220806657
9.78,0.220737999
9.79,0.220669487
9.8,0.220601122
9.81,0.220532898
9.82,0.220464834
9.83,0.220396932
9.84,0.220329159
9.85,0.220261557
9.86,0.220194094
9.87,0.220126762
9.88,0.220059592
9.89,0.219992562
9.9,0.219925705
9.91,0.219858966
9.92,0.219792373
9.93,0.219725933
9.94,0.219659629
9.95,0.219593503
9.96,0.21952749
9.97,0.219461624
9.98,0.219395897
9.99,0.219330331
10,0.219264871
10.01,0.219252178
10.02,0.219236491
10.03,0.219220849
10.04,0.219205239
10.05,0.219189665
10.06,0.219174118
10.07,0.219158629
10.08,0.219143178
10.09,0.219127753
10.1,0.219112375
10.11,0.219097009
10.12,0.219081705
10.13,0.219066431
10.14,0.219051185
10.15,0.219035991
10.16,0.219020817
10.17,0.219005705
10.18,0.218990615
10.19,0.21897556
10.2,0.218960531
10.21,0.218945534
10.22,0.218930587
10.23,0.218915676
10.24,0.218900812
10.25,0.218885957
10.26,0.218871153
10.27,0.218856378
10.28,0.218841631
10.29,0.218826943
10.3,0.218812275
10.31,0.218797642
10.32,0.218783035
10.33,0.218768472
10.34,0.218753945
10.35,0.218739452
10.36,0.218724995
10.37,0.218710556
10.38,0.218696167
10.39,0.218681788
10.4,0.218667468
10.41,0.218653177
10.42,0.218638925
10.43,0.218624693
10.44,0.218610496
10.45,0.218596347
10.46,0.218582211
10.47,0.218568105
10.48,0.218554042
10.49,0.218540013
10.5,0.218526018
10.51,0.218512057
10.52,0.218498123
10.53,0.218484229
10.54,0.218470353
10.55,0.218456524
10.56,0.218442705
10.57,0.218428944
10.58,0.2184152
10.59,0.218401489
10.6,0.218387811
10.61,0.218374156
10.62,0.218360545
10.63,0.218346965
10.64,0.218333408
10.65,0.218319893
10.66,0.218306401
10.67,0.218292943
10.68,0.2182795
10.69,0.2182661
10.7,0.218252737
10.71,0.218239392
10.72,0.218226077
10.73,0.218212801
10.74,0.218199562
10.75,0.218186334
10.76,0.218173147
10.77,0.218159998
10.78,0.21814685
10.79,0.21813375
10.8,0.21812069
10.81,0.218107652
10.82,0.218094645
10.83,0.21808166
10.84,0.218068701
10.85,0.218055778
10.86,0.218042881
10.87,0.21803002
10.88,0.218017174
10.89,0.218004361
10.9,0.217991593
10.91,0.21797884
10.92,0.217966119
10.93,0.217953418
10.94,0.217940748
10.95,0.217928108
10.96,0.217915498
10.97,0.21790292
10.98,0.217890371
10.99,0.217877827
11,0.217865329
11.01,0.217852861
11.02,0.217840434
11.03,0.217828001
11.04,0.217815623
11.05,0.21780325
11.06,0.217790907
11.07,0.217778594
11.08,0.217766325
11.09,0.217754071
11.1,0.217741837
11.11,0.217729632
11.12,0.217717457
11.13,0.217705311
11.14,0.217693195
11.15,0.217681108
11.16,0.21766903
11.17,0.217656976
11.18,0.217644967
11.19,0.217632987
11.2,0.217621026
11.21,0.217609078
11.22,0.217597175
11.23,0.217585285
11.24,0.217573414
11.25,0.217561597
11.26,0.217549774
11.27,0.217538005
11.28,0.217526224
11.29,0.217514501
11.3,0.217502802
11.31,0.217491111
11.32,0.217479459
11.33,0.217467825
11.34,0.217456219
11.35,0.217444616
11.36,0.217433067
11.37,0.217421536
11.38,0.217410033
11.39,0.217398532
11.4,0.217387085
11.41,0.217375655
11.42,0.217364239
11.43,0.217352839
11.44,0.217341484
11.45,0.217330139
11.46,0.217318824
11.47,0.217307551
11.48,0.21729628
11.49,0.217285042
11.5,0.21727381
11.51,0.217262627
11.52,0.217251455
11.53,0.217240296
11.54,0.21722917
11.55,0.21721807
11.56,0.217206987
11.57,0.217195942
11.58,0.217184904
11.59,0.217173896
11.6,0.217162912
11.61,0.217151955
11.62,0.217141009
11.63,0.217130079
11.64,0.217119201
11.65,0.217108331
11.66,0.217097482
11.67,0.217086649
11.68,0.217075833
11.69,0.217065068
11.7,0.217054305
11.71,0.217043568
11.72,0.217032847
11.73,0.217022154
11.74,0.217011501
11.75,0.217000843
11.76,0.216990217
11.77,0.216979608
11.78,0.216969035
11.79,0.216958467
11.8,0.216947936
11.81,0.216937431
11.82,0.216926926
11.83,0.216916452
11.84,0.216905988
11.85,0.216895565
11.86,0.216885143
11.87,0.216874773
11.88,0.216864392
11.89,0.216854062
11.9,0.216843723
11.91,0.216833419
11.92,0.216823145
11.93,0.216812883
11.94,0.216802634
11.95,0.216792412
11.96,0.216782214
11.97,0.216772033
11.98,0.216761875
11.99,0.216751734
12,0.216741617
12.01,0.216731525
12.02,0.216721448
12.03,0.216711398
12.04,0.216701371
12.05,0.216691332
12.06,0.216681346
12.07,0.216671374
12.08,0.216661416
12.09,0.216651478
12.1,0.21664157
12.11,0.216631671
12.12,0.216621802
12.13,0.216611942
12.14,0.216602103
12.15,0.216592292
12.16,0.216582486
12.17,0.216572705
12.18,0.216562952
12.19,0.216553209
12.2,0.2165435
12.21,0.216533795
12.22,0.216524115
12.23,0.216514448
12.24,0.216504822
12.25,0.216495178
12.26,0.2164856
12.27,0.216475994
12.28,0.216466427
12.29,0.216456885
12.3,0.216447357
12.31,0.216437852
12.32,0.216428357
12.33,0.21641888
12.34,0.216409437
12.35,0.216400007
12.36,0.216390576
12.37,0.216381178
12.38,0.2163718
12.39,0.216362429
12.4,0.216353098
12.41,0.216343779
12.42,0.216334459
12.43,0.216325172
12.44,0.216315915
12.45,0.216306656
12.46,0.216297418
12.47,0.216288194
12.48,0.21627902
12.49,0.216269833
12.5,0.216260669
12.51,0.216251518
12.52,0.21624239
12.53,0.216233276
12.54,0.216224194
12.55,0.2162151
12.56,0.216206059
12.57,0.216197001
12.58,0.216187997
12.59,0.21617901
12.6,0.216169999
12.61,0.216161039
12.62,0.216152074
12.63,0.216143138
12.64,0.216134224
12.65,0.216125319
12.66,0.21611644
12.67,0.216107584
12.68,0.216098725
12.69,0.21608988
12.7,0.216081071
12.71,0.216072285
12.72,0.216063497
12.73,0.21605472
12.74,0.216045982
12.75,0.216037239
12.76,0.216028519
12.77,0.216019822
12.78,0.216011143
12.79,0.21600247
12.8,0.215993819
12.81,0.21598518
12.82,0.215976573
12.83,0.215967968
12.84,0.215959376
12.85,0.215950805
12.86,0.215942257
12.87,0.21593373
12.88,0.215925204
12.89,0.215916701
12.9,0.21590821
12.91,0.21589974
12.92,0.215891277
12.93,0.215882841
12.94,0.215874417
12.95,0.215865999
12.96,0.215857608
12.97,0.215849213
12.98,0.215840855
12.99,0.215832519
13,0.215824203
13.01,0.215815875
13.02,0.215807567
13.03,0.215799287
13.04,0.215791012
13.05,0.215782764
13.06,0.215774522
13.07,0.215766308
13.08,0.215758099
13.09,0.21574989
13.1,0.215741713
13.11,0.215733563
13.12,0.215725409
13.13,0.215717275
13.14,0.215709154
13.15,0.215701052
13.16,0.215692962
13.17,0.215684898
13.18,0.215676824
13.19,0.215668778
13.2,0.215660767
13.21,0.215652762
13.22,0.215644742
13.23,0.215636758
13.24,0.215628785
13.25,0.215620834
13.26,0.215612892
13.27,0.215604966
13.28,0.215597056
13.29,0.215589157
13.3,0.215581279
13.31,0.215573411
13.32,0.215565548
13.33,0.215557711
13.34,0.215549895
13.35,0.215542064
13.36,0.215534279
13.37,0.215526479
13.38,0.215518724
13.39,0.215510966
13.4,0.215503232
13.41,0.215495494
13.42,0.215487791
13.43,0.215480083
13.44,0.215472396
13.45,0.215464723
13.46,0.215457066
13.47,0.215449409
13.48,0.215441782
13.49,0.215434181
13.5,0.215426574
13.51,0.215418979
13.52,0.215411392
13.53,0.215403826
13.54,0.215396296
13.55,0.215388759
13.56,0.215381232
13.57,0.215373711
13.58,0.21536623
13.59,0.215358743
13.6,0.215351277
13.61,0.21534383
13.62,0.215336368
13.63,0.21532894
13.64,0.215321523
13.65,0.215314126
13.66,0.215306738
13.67,0.21529937
13.68,0.215291986
13.69,0.215284638
13.7,0.215277309
13.71,0.215269989
13.72,0.215262663
13.73,0.215255373
13.74,0.215248076
13.75,0.215240805
13.76,0.215233553
13.77,0.215226295
13.78,0.215219072
13.79,0.215211834
13.8,0.215204629
13.81,0.215197428
13.82,0.215190254
13.83,0.215183082
13.84,0.215175925
13.85,0.215168772
13.86,0.215161644
13.87,0.21515452
13.88,0.215147414
13.89,0.215140308
13.9,0.215133227
13.91,0.21512616
13.92,0.21511909
13.93,0.215112031
13.94,0.215105001
13.95,0.215097995
13.96,0.215090957
13.97,0.215083969
13.98,0.215076985
13.99,0.21507
14,0.215063042
14.01,0.215056095
14.02,0.215049147
14.03,0.215042227
14.04,0.215035306
14.05,0.215028414
14.06,0.215021521
14.07,0.215014637
14.08,0.215007771
14.09,0.215000899
14.1,0.214994061
14.11,0.214987232
14.12,0.21498041
14.13,0.214973609
14.14,0.214966815
14.15,0.214960015
14.16,0.214953249
14.17,0.214946492
14.18,0.214939727
14.19,0.214932987
14.2,0.214926249
14.21,0.214919536
14.22,0.214912841
14.23,0.214906155
14.24,0.214899461
14.25,0.214892776
14.26,0.214886125
14.27,0.214879466
14.28,0.214872842
14.29,0.214866211
14.3,0.214859603
14.31,0.214852988
14.32,0.214846392
14.33,0.214839819
14.34,0.214833254
14.35,0.214826692
14.36,0.214820139
14.37,0.214813593
14.38,0.214807071
14.39,0.214800562
14.4,0.214794051
14.41,0.214787548
14.42,0.214781078
14.43,0.214774586
14.44,0.214768133
14.45,0.214761693
14.46,0.21475525
14.47,0.214748815
14.48,0.214742399
14.49,0.21473598
14.5,0.214729605
14.51,0.214723197
14.52,0.214716822
14.53,0.214710455
14.54,0.214704121
14.55,0.21469777
14.56,0.214691431
14.57,0.214685105
14.58,0.214678797
14.59,0.214672497
14.6,0.214666204
14.61,0.214659915
14.62,0.214653653
14.63,0.214647379
14.64,0.214641137
14.65,0.214634893
14.66,0.214628651
14.67,0.214622442
14.68,0.214616242
14.69,0.214610039
14.7,0.214603838
14.71,0.214597669
14.72,0.214591498
14.73,0.21458533
14.74,0.214579194
14.75,0.214573041
14.76,0.214566919
14.77,0.214560807
14.78,0.214554696
14.79,0.214548592
14.8,0.214542501
14.81,0.214536412
14.82,0.214530356
14.83,0.214524297
14.84,0.21451825
14.85,0.214512215
14.86,0.214506184
14.87,0.214500149
14.88,0.214494156
14.89,0.214488156
14.9,0.214482153
14.91,0.214476182
14.92,0.214470203
14.93,0.214464242
14.94,0.214458293
14.95,0.214452356
14.96,0.214446415
14.97,0.214440508
14.98,0.214434592
14.99,0.214428683
15,0.214422781
15.01,0.214416896
15.02,0.214411019
15.03,0.214405158
15.04,0.214399285
15.05,0.214393463
15.06,0.214387613
15.07,0.214381781
15.08,0.214375956
15.09,0.214370156
15.1,0.214364339
15.11,0.21435856
15.12,0.214352781
15.13,0.214347
15.14,0.214341246
15.15,0.214335488
15.16,0.214329722
15.17,0.214323989
15.18,0.214318261
15.19,0.214312551
15.2,0.214306847
15.21,0.214301141
15.22,0.214295461
15.23,0.214289767
15.24,0.214284085
15.25,0.214278425
15.26,0.214272772
15.27,0.214267134
15.28,0.21426148
15.29,0.214255866
15.3,0.21425024
15.31,0.214244624
15.32,0.21423903
15.33,0.214233433
15.34,0.214227848
15.35,0.214222264
15.36,0.214216706
15.37,0.21421114
15.38,0.214205596
15.39,0.214200052
15.4,0.214194521
15.41,0.21418899
15.42,0.214183472
15.43,0.214177964
15.44,0.214172479
15.45,0.214166974
15.46,0.214161511
15.47,0.214156019
15.48,0.214150569
15.49,0.21414511
15.5,0.214139662
15.51,0.214134225
15.52,0.214128785
15.53,0.214123362
15.54,0.214117959
15.55,0.214112562
15.56,0.214107168
15.57,0.214101768
15.58,0.214096386
15.59,0.214091035
15.6,0.214085653
15.61,0.2140803
15.62,0.214074957
15.63,0.214069625
15.64,0.214064279
15.65,0.214058959
15.66,0.214053646
15.67,0.214048329
15.68,0.214043037
15.69,0.214037757
15.7,0.214032478
15.71,0.214027204
15.72,0.214021927
15.73,0.214016677
15.74,0.214011421
15.75,0.214006183
15.76,0.214000949
15.77,0.213995712
15.78,0.213990516
15.79,0.213985301
15.8,0.213980085
15.81,0.213974892
15.82,0.21396973
15.83,0.213964558
15.84,0.213959357
15.85,0.213954207
15.86,0.213949043
15.87,0.213943904
15.88,0.213938772
15.89,0.213933635
15.9,0.213928524
15.91,0.2139234
15.92,0.213918284
15.93,0.213913192
15.94,0.213908094
15.95,0.213903021
15.96,0.21389793
15.97,0.213892859
15.98,0.213887794
15.99,0.213882745
16,0.213877712
16.01,0.213872658
16.02,0.213867636
16.03,0.21386261
16.04,0.213857583
16.05,0.213852588
16.06,0.213847589
16.07,0.213842589
16.08,0.2138376
16.09,0.213832627
16.1,0.213827654
16.11,0.213822677
16.12,0.21381773
16.13,0.21381278
16.14,0.213807844
16.15,0.213802899
16.16,0.213797985
16.17,0.213793061
16.18,0.213788147
16.19,0.213783234
16.2,0.213778341
16.21,0.21377345
16.22,0.213768563
16.23,0.213763686
16.24,0.21375882
16.25,0.213753954
16.26,0.213749099
16.27,0.213744264
16.28,0.213739409
16.29,0.21373458
16.3,0.213729752
16.31,0.213724932
16.32,0.213720135
16.33,0.213715317
16.34,0.213710523
16.35,0.213705716
16.36,0.213700949
16.37,0.213696162
16.38,0.213691406
16.39,0.213686624
16.4,0.213681877
16.41,0.213677131
16.42,0.213672381
16.43,0.213667661
16.44,0.21366293
16.45,0.213658204
16.46,0.213653494
16.47,0.213648784
16.48,0.213644094
16.49,0.213639384
16.5,0.2136347
16.51,0.213630025
16.52,0.213625345
16.53,0.213620681
16.54,0.213616011
16.55,0.213611357
16.56,0.213606718
16.57,0.213602074
16.58,0.213597444
16.59,0.213592825
16.6,0.213588206
16.61,0.213583602
16.62,0.213578993
16.63,0.213574383
16.64,0.213569774
16.65,0.213565214
16.66,0.213560635
16.67,0.21355606
16.68,0.213551501
16.69,0.213546912
16.7,0.213542371
16.71,0.213537817
16.72,0.213533287
16.73,0.213528751
16.74,0.213524222
16.75,0.213519706
16.76,0.213515186
16.77,0.21351069
16.78,0.213506174
16.79,0.213501678
16.8,0.213497197
16.81,0.213492711
16.82,0.213488239
16.83,0.213483766
16.84,0.213479305
16.85,0.213474847
16.86,0.213470405
16.87,0.213465966
16.88,0.213461519
16.89,0.21345708
16.9,0.213452651
16.91,0.213448232
16.92,0.213443828
16.93,0.213439402
16.94,0.213435018
16.95,0.213430628
16.96,0.213426242
16.97,0.213421856
16.98,0.213417479
16.99,0.213413117
17,0.213408771
17.01,0.213404393
17.02,0.213400055
17.03,0.213395696
17.04,0.213391368
17.05,0.213387028
17.06,0.213382699
17.07,0.213378379
17.08,0.213374068
17.09,0.213369762
17.1,0.213365455
17.11,0.213361153
17.12,0.21335687
17.13,0.213352578
17.14,0.213348314
17.15,0.213344019
17.16,0.213339776
17.17,0.21333551
17.18,0.213331254
17.19,0.213327008
17.2,0.213322771
17.21,0.213318524
17.22,0.213314301
17.23,0.213310067
17.24,0.213305852
17.25,0.213301623
17.26,0.213297433
17.27,0.213293221
17.28,0.213289025
17.29,0.213284847
17.3,0.21328065
17.31,0.213276491
17.32,0.213272302
17.33,0.213268136
17.34,0.213263976
17.35,0.213259824
17.36,0.213255672
17.37,0.213251524
17.38,0.213247406
17.39,0.213243277
17.4,0.213239132
17.41,0.213235011
17.42,0.21323091
17.43,0.213226797
17.44,0.213222689
17.45,0.213218585
17.46,0.213214496
17.47,0.213210416
17.48,0.213206334
17.49,0.213202247
17.5,0.213198185
17.51,0.213194116
17.52,0.213190051
17.53,0.213186001
17.54,0.213181944
17.55,0.213177902
17.56,0.213173864
17.57,0.213169846
17.58,0.213165826
17.59,0.213161791
17.6,0.213157779
17.61,0.213153772
17.62,0.213149768
17.63,0.21314577
17.64,0.213141764
17.65,0.213137783
17.66,0.213133795
17.67,0.213129823
17.68,0.213125854
17.69,0.213121879
17.7,0.213117927
17.71,0.213113961
17.72,0.213110018
17.73,0.21310608
17.74,0.213102134
17.75,0.213098204
17.76,0.213094266
17.77,0.213090338
17.78,0.213086419
17.79,0.213082504
17.8,0.213078603
17.81,0.213074696
17.82,0.213070803
17.83,0.213066903
17.84,0.213063028
17.85,0.213059131
17.86,0.213055268
17.87,0.213051389
17.88,0.21304752
17.89,0.213043664
17.9,0.213039812
17.91,0.213035963
17.92,0.213032103
17.93,0.213028263
17.94,0.213024436
17.95,0.213020614
17.96,0.21301677
17.97,0.213012954
17.98,0.213009143
17.99,0.213005336
18,0.213001531
18.01,0.212997726
18.02,0.21299393
18.03,0.212990147
18.04,0.212986354
18.05,0.21298257
18.06,0.212978808
18.07,0.212975025
18.08,0.212971262
18.09,0.212967511
18.1,0.21296374
18.11,0.212959998
18.12,0.212956269
18.13,0.212952509
18.14,0.212948788
18.15,0.212945034
18.16,0.212941321
18.17,0.21293761
18.18,0.212933879
18.19,0.212930175
18.2,0.212926476
18.21,0.212922765
18.22,0.212919058
18.23,0.212915379
18.24,0.212911695
18.25,0.212908008
18.26,0.212904342
18.27,0.212900652
18.28,0.212897001
18.29,0.21289333
18.3,0.212889677
18.31,0.212886027
18.32,0.212882377
18.33,0.212878729
18.34,0.212875084
18.35,0.212871449
18.36,0.212867837
18.37,0.212864194
18.38,0.212860575
18.39,0.212856963
18.4,0.212853365
18.41,0.212849756
18.42,0.212846141
18.43,0.212842553
18.44,0.212838955
18.45,0.212835375
18.46,0.212831793
18.47,0.212828205
18.48,0.212824645
18.49,0.212821063
18.5,0.212817505
18.51,0.212813956
18.52,0.212810386
18.53,0.212806838
18.54,0.212803299
18.55,0.212799749
18.56,0.212796227
18.57,0.212792692
18.58,0.212789162
18.59,0.212785625
18.6,0.212782126
18.61,0.212778596
18.62,0.212775089
18.63,0.212771586
18.64,0.212768091
18.65,0.212764594
18.66,0.21276109
18.67,0.212757601
18.68,0.212754139
18.69,0.212750646
18.7,0.212747175
18.71,0.212743699
18.72,0.212740251
18.73,0.212736781
18.74,0.212733323
18.75,0.212729871
18.76,0.21272641
18.77,0.212722973
18.78,0.212719546
18.79,0.212716115
18.8,0.212712678
18.81,0.212709244
18.82,0.212705824
18.83,0.212702406
18.84,0.212699008
18.85,0.212695591
18.86,0.212692189
18.87,0.212688795
18.88,0.212685384
18.89,0.212682006
18.9,0.212678622
18.91,0.21267523
18.92,0.212671852
18.93,0.212668467
18.94,0.212665105
18.95,0.212661737
18.96,0.212658371
18.97,0.212655019
18.98,0.212651675
18.99,0.212648329
19,0.212644977
19.01,0.212641621
19.02,0.212638295
19.03,0.212634952
19.04,0.212631647
19.05,0.21262832
19.06,0.212625006
19.07,0.212621695
19.08,0.212618362
19.09,0.212615057
19.1,0.212611762
19.11,0.212608458
19.12,0.212605152
19.13,0.212601871
19.14,0.212598592
19.15,0.212595305
19.16,0.212592022
19.17,0.212588752
19.18,0.212585485
19.19,0.212582221
19.2,0.212578961
19.21,0.212575703
19.22,0.212572433
19.23,0.212569182
19.24,0.212565943
19.25,0.212562712
19.26,0.212559465
19.27,0.212556235
19.28,0.212553009
19.29,0.212549775
19.3,0.212546565
19.31,0.212543332
19.32,0.212540117
19.33,0.212536916
19.34,0.212533691
19.35,0.212530511
19.36,0.212527303
19.37,0.212524103
19.38,0.212520927
19.39,0.212517733
19.4,0.212514552
19.41,0.212511369
19.42,0.212508194
19.43,0.212505031
19.44,0.212501862
19.45,0.21249869
19.46,0.212495538
19.47,0.212492378
19.48,0.212489239
19.49,0.21248607
19.5,0.212482938
19.51,0.212479799
19.52,0.212476648
19.53,0.212473524
19.54,0.212470394
19.55,0.212467261
19.56,0.212464147
19.57,0.212461036
19.58,0.212457911
19.59,0.212454805
19.6,0.212451712
19.61,0.212448612
19.62,0.212445499
19.63,0.212442414
19.64,0.212439308
19.65,0.212436229
19.66,0.212433152
19.67,0.212430063
19.68,0.212426983
19.69,0.212423926
19.7,0.212420845
19.71,0.212417783
19.72,0.212414718
19.73,0.212411661
19.74,0.212408618
19.75,0.212405561
19.76,0.212402513
19.77,0.212399462
19.78,0.212396429
19.79,0.212393394
19.8,0.212390367
19.81,0.212387342
19.82,0.212384315
19.83,0.212381281
19.84,0.212378274
19.85,0.21237526
19.86,0.212372244
19.87,0.212369246
19.88,0.212366235
19.89,0.212363243
19.9,0.212360237
19.91,0.212357249
19.92,0.21235426
19.93,0.212351278
19.94,0.212348308
19.95,0.212345316
19.96,0.212342337
19.97,0.212339386
19.98,0.212336402
19.99,0.212333445
20,0.212330476
20.01,0.212327537
20.02,0.212324582
20.03,0.212321627
20.04,0.212318679
20.05,0.212315724
20.06,0.212312796
20.07,0.212309856
20.08,0.212306918
20.09,0.212303998
20.1,0.212301066
20.11,0.212298151
20.12,0.212295224
20.13,0.212292309
20.14,0.212289403
20.15,0.212286483
20.16,0.212283602
20.17,0.212280688
20.18,0.212277786
20.19,0.212274887
20.2,0.212272005
20.21,0.212269111
20.22,0.212266235
20.23,0.212263346
20.24,0.21226046
20.25,0.212257602
20.26,0.21225473
20.27,0.212251852
20.28,0.212248985
20.29,0.212246136
20.3,0.212243275
20.31,0.212240418
20.32,0.212237577
20.33,0.212234722
20.34,0.212231872
20.35,0.212229032
20.36,0.212226202
20.37,0.212223368
20.38,0.212220538
20.39,0.212217698
20.4,0.212214887
20.41,0.212212053
20.42,0.212209233
20.43,0.212206423
20.44,0.212203623
20.45,0.212200809
20.46,0.212197997
20.47,0.212195199
20.48,0.212192407
20.49,0.212189603
20.5,0.212186822
20.51,0.212184022
20.52,0.212181235
20.53,0.212178451
20.54,0.212175685
20.55,0.212172905
20.56,0.212170128
20.57,0.212167363
20.58,0.212164581
20.59,0.212161821
20.6,0.212159079
20.61,0.212156314
20.62,0.212153561
20.63,0.212150801
20.64,0.212148063
20.65,0.212145318
20.66,0.21214259
20.67,0.212139849
20.68,0.212137111
20.69,0.212134374
20.7,0.212131651
20.71,0.21212892
20.72,0.212126216
20.73,0.212123489
20.74,0.212120775
20.75,0.212118048
20.76,0.212115343
20.77,0.212112646
20.78,0.212109931
20.79,0.212107238
20.8,0.212104528
20.81,0.21210184
20.82,0.212099155
20.83,0.212096461
20.84,0.21209378
20.85,0.212091091
20.86,0.212088414
20.87,0.21208574
20.88,0.212083058
20.89,0.212080388
20.9,0.212077722
20.91,0.212075066
20.92,0.212072419
20.93,0.212069759
20.94,0.212067111
20.95,0.212064444
20.96,0.212061801
20.97,0.21205915
20.98,0.21205651
20.99,0.212053867
21,0.212051238
21.01,0.212048591
21.02,0.21204595
21.03,0.212043332
21.04,0.212040706
21.05,0.212038083
21.06,0.212035462
21.07,0.212032853
21.08,0.212030236
21.09,0.212027632
21.1,0.212025019
21.11,0.212022419
21.12,0.212019811
21.13,0.212017225
21.14,0.212014622
21.15,0.21201203
21.16,0.21200945
21.17,0.212006864
21.18,0.212004279
21.19,0.21200168
21.2,0.21199911
21.21,0.211996531
21.22,0.211993966
21.23,0.211991391
21.24,0.211988829
21.25,0.211986255
21.26,0.211983697
21.27,0.211981132
21.28,0.211978579
21.29,0.211976027
21.3,0.211973488
21.31,0.211970941
21.32,0.211968397
21.33,0.211965839
21.34,0.211963308
21.35,0.21196077
21.36,0.211958234
21.37,0.21195572
21.38,0.211953198
21.39,0.211950653
21.4,0.211948135
21.41,0.211945619
21.42,0.211943106
21.43,0.211940604
21.44,0.211938085
21.45,0.211935572
21.46,0.211933067
21.47,0.211930564
21.48,0.211928058
21.49,0.211925559
21.5,0.211923072
21.51,0.211920578
21.52,0.211918095
21.53,0.211915614
21.54,0.21191312
21.55,0.211910653
21.56,0.211908169
21.57,0.211905681
21.58,0.21190321
21.59,0.211900753
21.6,0.211898296
21.61,0.211895832
21.62,0.21189337
21.63,0.211890905
21.64,0.211888446
21.65,0.211885984
21.66,0.21188354
21.67,0.211881098
21.68,0.211878633
21.69,0.211876204
21.7,0.211873758
21.71,0.211871319
21.72,0.211868887
21.73,0.211866457
21.74,0.211864039
21.75,0.211861613
21.76,0.211859183
21.77,0.211856761
21.78,0.211854325
21.79,0.211851918
21.8,0.211849512
21.81,0.211847092
21.82,0.211844689
21.83,0.21184229
21.84,0.211839891
21.85,0.21183748
21.86,0.211835085
21.87,0.211832678
21.88,0.211830297
21.89,0.211827909
21.9,0.211825517
21.91,0.211823132
21.92,0.211820735
21.93,0.211818363
21.94,0.211815994
21.95,0.211813612
21.96,0.211811248
21.97,0.211808859
21.98,0.211806508
21.99,0.211804149
22,0.211801791
22.01,0.211799421
22.02,0.211797068
22.03,0.21179471
22.04,0.211792361
22.05,0.211790009
22.06,0.211787662
22.07,0.211785329
22.08,0.211782981
22.09,0.211780626
22.1,0.211778297
22.11,0.211775971
22.12,0.211773632
22.13,0.211771309
22.14,0.211768973
22.15,0.211766654
22.16,0.211764321
22.17,0.211762007
22.18,0.211759688
22.19,0.211757376
22.2,0.211755061
22.21,0.211752755
22.22,0.211750444
22.23,0.21174814
22.24,0.211745847
22.25,0.211743541
22.26,0.211741228
22.27,0.211738951
22.28,0.211736651
22.29,0.211734358
22.3,0.211732087
22.31,0.211729783
22.32,0.2117275
22.33,0.211725234
22.34,0.211722961
22.35,0.211720673
22.36,0.211718398
22.37,0.21171613
22.38,0.211713858
22.39,0.211711593
22.4,0.211709324
22.41,0.211707074
22.42,0.211704809
22.43,0.211702562
22.44,0.2117003
22.45,0.211698056
22.46,0.211695799
22.47,0.211693544
22.48,0.211691305
22.49,0.211689062
22.5,0.211686827
22.51,0.211684579
22.52,0.211682341
22.53,0.211680122
22.54,0.211677879
22.55,0.211675648
22.56,0.211673423
22.57,0.211671205
22.58,0.211668984
22.59,0.21166676
22.6,0.211664562
22.61,0.211662341
22.62,0.211660121
22.63,0.21165792
22.64,0.211655704
22.65,0.211653506
22.66,0.211651303
22.67,0.211649093
22.68,0.211646899
22.69,0.211644702
22.7,0.211642497
22.71,0.211640318
22.72,0.211638127
22.73,0.211635951
22.74,0.211633763
22.75,0.211631566
22.76,0.211629381
22.77,0.211627222
22.78,0.211625041
22.79,0.211622876
22.8,0.211620698
22.81,0.211618521
22.82,0.211616346
22.83,0.211614199
22.84,0.211612027
22.85,0.211609867
22.86,0.211607715
22.87,0.211605558
22.88,0.211603394
22.89,0.211601266
22.9,0.211599104
22.91,0.211596955
22.92,0.211594821
22.93,0.211592675
22.94,0.21159053
22.95,0.211588387
22.96,0.211586261
22.97,0.211584121
22.98,0.211581993
22.99,0.211579847
23,0.211577737
23.01,0.211575613
23.02,0.211573483
23.03,0.211571377
23.04,0.211569249
23.05,0.211567133
23.06,0.211565017
23.07,0.21156291
23.08,0.211560798
23.09,0.211558688
23.1,0.211556579
23.11,0.211554487
23.12,0.211552382
23.13,0.211550278
23.14,0.211548177
23.15,0.211546087
23.16,0.211544003
23.17,0.211541905
23.18,0.21153982
23.19,0.211537726
23.2,0.211535659
23.21,0.211533568
23.22,0.211531489
23.23,0.211529411
23.24,0.211527325
23.25,0.211525251
23.26,0.211523168
23.27,0.211521112
23.28,0.211519053
23.29,0.211516974
23.3,0.211514934
23.31,0.211512858
23.32,0.211510805
23.33,0.211508743
23.34,0.211506683
23.35,0.211504634
23.36,0.211502576
23.37,0.211500531
23.38,0.211498492
23.39,0.21149645
23.4,0.211494399
23.41,0.21149236
23.42,0.211490337
23.43,0.211488291
23.44,0.211486242
23.45,0.211484223
23.46,0.211482192
23.47,0.211480162
23.48,0.211478133
23.49,0.211476107
23.5,0.211474091
23.51,0.211472072
23.52,0.21147006
23.53,0.211468039
23.54,0.211466019
23.55,0.211464002
23.56,0.211461996
23.57,0.211459991
23.58,0.211457978
23.59,0.211455991
23.6,0.211453965
23.61,0.211451982
23.62,0.211449985
23.63,0.21144799
23.64,0.211445995
23.65,0.211443992
23.66,0.211442011
23.67,0.211440022
23.68,0.211438033
23.69,0.211436046
23.7,0.211434076
23.71,0.211432087
23.72,0.211430111
23.73,0.211428124
23.74,0.21142617
23.75,0.211424192
23.76,0.211422216
23.77,0.211420251
23.78,0.211418277
23.79,0.211416315
23.8,0.211414355
23.81,0.211412396
23.82,0.211410428
23.83,0.211408472
23.84,0.211406528
23.85,0.211404565
23.86,0.211402613
23.87,0.211400663
23.88,0.211398714
23.89,0.211396792
23.9,0.21139483
23.91,0.211392885
23.92,0.211390943
23.93,0.211389027
23.94,0.211387071
23.95,0.211385158
23.96,0.211383215
23.97,0.211381294
23.98,0.211379344
23.99,0.211377436
24,0.2113755
24.01,0.21137358
24.02,0.211371651
24.03,0.211369749
24.04,0.211367817
24.05,0.211365903
24.06,0.211364005
24.07,0.211362094
24.08,0.211360169
24.09,0.211358259
24.1,0.211356352
24.11,0.211354446
24.12,0.211352552
24.13,0.211350658
24.14,0.211348756
24.15,0.211346866
24.16,0.211344957
24.17,0.21134307
24.18,0.211341183
24.19,0.211339289
24.2,0.211337405
24.21,0.211335523
24.22,0.211333642
24.23,0.211331763
24.24,0.211329875
24.25,0.211327993
24.26,0.211326123
24.27,0.211324244
24.28,0.211322362
24.29,0.2113205
24.3,0.211318631
24.31,0.211316763
24.32,0.211314895
24.33,0.211313029
24.34,0.211311176
24.35,0.211309312
24.36,0.211307461
24.37,0.211305601
24.38,0.211303742
24.39,0.211301894
24.4,0.211300043
24.41,0.211298188
24.42,0.211296344
24.43,0.211294492
24.44,0.211292652
24.45,0.211290812
24.46,0.211288974
24.47,0.211287138
24.48,0.211285302
24.49,0.211283452
24.5,0.21128162
24.51,0.211279789
24.52,0.211277969
24.53,0.21127613
24.54,0.211274312
24.55,0.211272486
24.56,0.211270656
24.57,0.211268842
24.58,0.211267021
24.59,0.2112652
24.6,0.211263379
24.61,0.211261572
24.62,0.211259765
24.63,0.211257959
24.64,0.211256139
24.65,0.211254327
24.66,0.211252525
24.67,0.211250714
24.68,0.211248925
24.69,0.211247127
24.7,0.211245315
24.71,0.21124352
24.72,0.211241726
24.73,0.211239934
24.74,0.211238152
24.75,0.211236336
24.76,0.211234558
24.77,0.21123277
24.78,0.211230984
24.79,0.211229209
24.8,0.211227425
24.81,0.211225637
24.82,0.211223856
24.83,0.211222087
24.84,0.211220293
24.85,0.21121854
24.86,0.211216759
24.87,0.211214994
24.88,0.211213231
24.89,0.211211458
24.9,0.211209682
24.91,0.211207932
24.92,0.211206164
24.93,0.211204416
24.94,0.21120265
24.95,0.211200881
24.96,0.211199137
24.97,0.211197385
24.98,0.211195634
24.99,0.211193884
25,0.21119213
